MouseID,Group,Sex,Task,TaskRepetition,omissions,HGF3_zeta,HGF3_wt,HGF3_omega2,HGF3_omega3,HGF3_sahat1,HGF3_sahat2,HGF3_sahat3,HGF3_epsi2,HGF3_epsi3,HGF2_zeta,HGF2_wt,HGF2_omega2,HGF2_sahat1,HGF2_sahat2,HGF2_sahat3,HGF2_epsi2,HGF2_epsi3,RW_zeta,RW_alpha
1.1,Control,Male,TrainingTask_RL,1,22,0.784556522985906,0.00898629056166465,-9.88144,1.67158546567038,0.225274701460551,0.0399971584201906,469.853524386006,-0.0013379207298954,11.2846467337353,0.779864634762243,0.0090024245584004,-9.896025,0.225252139592965,0.0400513910641412,583.484994509829,-0.00135370045412697,14.7049948593916,0.211027043156678,0.124128053949927
1.2,Control,Male,TrainingTask_RL,1,33,2.56108461936069,0.00736183031950533,-12.0407,1.89166911418597,0.225579298184809,0.0328844088388646,899.632202922996,-0.000305424861843293,33.8643377209274,2.56420073425668,0.00736056467390641,-12.0483,0.225578244845601,0.0328787802789722,998.754488688207,-0.000304577170254168,37.6137090371435,22.409031980235,0.00096233259578626
2.1,Control,Male,TrainingTask_RL,1,13,1.0561882668679,0.00786098032830521,-10.86678,1.79408353357344,0.225741718305752,0.0350437095101007,715.525095444578,-0.000660225061345286,23.0087934444489,1.05801482153437,0.00785311037246666,-10.88791,0.225737979398771,0.0350068080987651,852.435491819995,-0.000656280765478998,27.8327029827732,0.161015042774946,0.134092516997337
3.2,Control,Male,TrainingTask_RL,1,49,1.70582711504272,0.00747322995019431,-11.63853,1.86875800151348,0.225639893087211,0.0333652036855003,857.717230780761,-0.000387710390208279,30.9804457433526,1.70368724432291,0.00747354333758218,-11.64106,0.225639357525919,0.0333661093636254,969.810365315986,-0.000388189630469654,35.065410522955,11.2631594037468,0.001244073465
4.2,Control,Female,TrainingTask_RL,1,29,1.8197523741741,0.00798899546186467,-10.69566,1.66480573824566,0.22574342764708,0.0356019414974055,617.041551327031,-0.000744732982476138,19.0388516727603,1.81959327687761,0.00798440139204811,-10.71866,0.225737602199965,0.0355762782204747,811.831958128483,-0.000744477526716299,25.7664387882827,4.19789730798779,0.00336376440310706
5.4,Control,Female,TrainingTask_RL,1,63,0.18434555874125,0.0677838759414274,-3.653781,1.40779298402607,0.16879340980262,0.402376976332047,44.6978229859486,-0.0039081797981554,0.607327624839654,0.182157683082196,0.0589361842963318,-3.653565,0.1691350633129,0.34755763812948,71.4344047673436,-0.00392404062339938,1.21775700796351,0.153627127853595,0.171963716398664
1.1,Control,Male,TrainingTask_LL - Copy,1,21,0.259569429167783,0.0398347111889921,-5.329347,2.68224490815495,0.18577925840247,0.212545373100138,147.620061390613,0.0053510355644902,1.95106367461374,0.252688282603321,0.0450360538686958,-5.108609,0.183250379464838,0.245014542755499,86.4767970801558,0.00545729472860319,0.93520136318755,0.169786597474877,0.185376286551679
1.2,Control,Male,TrainingTask_LL - Copy,1,26,1.48557308175547,0.00778512911846037,-11.0596,1.88387626754462,0.229187199805779,0.0340520378643042,804.392134954665,0.000651224928232368,22.9922091378665,1.48409541893597,0.00778537330755206,-11.06304,0.229185781428398,0.0340522508989044,889.304515183083,0.000652276976338821,25.5485908153624,0.1953001357928,0.130027749898175
2.1,Control,Male,TrainingTask_LL - Copy,1,12,0.901728364429633,0.00959465048251972,-9.580479,1.82925939349459,0.228200795003394,0.0419849577184806,460.011307899064,0.00177096092090257,7.43870733622119,0.901528561724927,0.00960996359346514,-9.58248,0.228177664911252,0.0420443402417015,511.170608110028,0.00178615412926859,8.50502833188732,0.232460502749549,0.127179278237867
3.2,Control,Male,TrainingTask_LL - Copy,1,45,0.475009875806791,0.0202307654318096,-7.257822,2.48708207486976,0.209216547231126,0.0961658727518837,241.006475294344,0.00445753824534908,0.894153778592385,0.473995371330378,0.0202399410260071,-7.228243,0.209403187094865,0.0962938698357505,180.687264617331,0.00441144915282021,0.283402679917994,0.524601404010398,0.0181316763900663
4.2,Control,Female,TrainingTask_LL - Copy,1,36,0.386860329504567,0.0355734494223884,-5.628517,2.93697261814682,0.188959698236174,0.186460760559842,192.025515676131,0.00524581730739911,2.41403963783323,0.385662136557272,0.037369873803177,-5.659583,0.189076806336806,0.197426502352566,101.217449269301,0.00529076105598076,0.834901149540294,0.282915122377571,0.0859070982193116
5.4,Control,Female,TrainingTask_LL - Copy,1,42,0.741419153691864,0.0112597056554424,-8.936009,1.82741302169148,0.22593325524694,0.0496433315937524,343.257569592861,0.00251436194037762,2.85331587064291,0.739476805724756,0.0112753417902348,-8.938497,0.225902689506999,0.0497010441914799,379.713879866568,0.00253047057025585,3.33072580907996,0.250428166421145,0.148950487777423
1.1,Control,Male,TrainingTask_RL,2,6,1.37166082370469,0.00895417115336497,-9.900494,1.66889579533682,0.225301043536894,0.039853796516587,472.729675743912,-0.00132060880005273,11.4463851071876,1.36833476710611,0.00896811332447927,-9.916379,0.225280504663806,0.0398984427427716,588.948310785425,-0.00133519799422514,14.9743714551139,2.76654006966042,0.00474401635269781
1.2,Control,Male,TrainingTask_RL,2,14,3.25600065342484,0.00730575205820023,-12.32713,1.90165024040754,0.225542982952818,0.0326425188281203,918.531580965579,-0.000263322303699262,35.3654364820086,3.2561559599796,0.00730572887107722,-12.32862,0.225542815895109,0.0326423302652912,1010.80324005153,-0.000263356978735304,38.9105094718371,25.7709578705147,0.000921116386053305
2.1,Control,Male,TrainingTask_RL,2,3,2.70596403279524,0.00752976843339671,-11.48443,1.9087224771854,0.225664666927379,0.0336091816780018,876.897414316369,-0.000428909994309643,31.0909846094158,2.70654849362253,0.00753127427095385,-11.48346,0.225664648961965,0.0336152559194624,953.321207300405,-0.00043023489482975,33.8331574260899,13.3350315062508,0.00169749712415026
3.2,Control,Male,TrainingTask_RL,2,54,0.617310687643781,0.00918524142248588,-9.769657,1.69416084174457,0.225097199710343,0.0408879487638932,454.841802156109,-0.0014427973492597,10.3884849639566,0.617863849994189,0.00921260165195781,-9.777501,0.225062751084926,0.0409920210118402,552.430255365599,-0.00146417593428668,13.16659341912,0.165888441986237,0.274361162911173
3.3,Control,Male,TrainingTask_RL,1,61,0.999896390469554,0.00882738656393324,-9.987381,1.79159464409729,0.225395061467754,0.0392833370991041,531.811998506593,-0.00125360171146419,13.5634342259525,1.00066029785922,0.0088593549995748,-9.983033,0.225365475422107,0.0394147225872865,607.101132030868,-0.00127566402308945,15.8667152783616,1.93316638380187,0.00464285675600966
4.2,Control,Female,TrainingTask_RL,2,16,2.14138290357253,0.00941891921787418,-9.631536,1.41767501693527,0.2248660343651,0.0419584320021666,358.195803338137,-0.00155415800078333,7.30435510645646,2.14122358011851,0.00943860723858017,-9.660153,0.224830748714392,0.0420108637107806,523.134330997529,-0.00157766231346617,11.7092047928166,3.28661301628741,0.00631103696871602
5.4,Control,Female,TrainingTask_RL,2,31,0.163601362666278,0.0569225920902235,-4.04922,1.7585617515011,0.171356814182236,0.331979024458126,62.7006790699511,-0.0039159896620853,0.904286962909593,0.159793311611301,0.0560449791797369,-3.892095,0.170485087627474,0.327848720337286,73.8062735847314,-0.00392539175481936,1.20568620617056,0.13323585238807,0.208643320064832
5.5,Control,Female,TrainingTask_RL,1,48,0.308321792578662,0.0478027517280861,-4.581234,1.91700418743127,0.175153021940457,0.272723854207467,78.5562940664533,-0.00393044998003545,1.05113048238394,0.309356558968909,0.0469713639077474,-4.592078,0.175254404569875,0.267665307992188,83.7431733231411,-0.00393531816709706,1.15624247899222,0.234143403037776,0.160881415715288
1.1,Control,Male,TrainingTask_LL - Copy,2,69,1.0401827311609,0.0113955674783922,-8.895194,1.8775308345808,0.225712486642888,0.0502799262949715,346.964080594575,0.0025687173558935,2.7677958348255,1.04253766985258,0.0114158865852557,-8.894238,0.225675522809378,0.0503640924985467,372.14970275609,0.00258378006419676,3.07973152370249,1.62030153992674,0.00745608050922269
1.2,Control,Male,TrainingTask_LL - Copy,2,81,0.348497099847507,0.0263612248101147,-6.538248,3.03873511370207,0.199129660809443,0.131570163822123,265.127582690822,0.00493232698053263,2.17624840470584,0.347590071571162,0.0255840161649229,-6.64356,0.2013687053877,0.126854909287469,142.688580171955,0.00483916371630452,0.545402375322279,0.205896560481207,0.0962355150084736
2.1,Control,Male,TrainingTask_LL - Copy,2,26,1.03098633657042,0.0083829816524933,-10.34613,1.81951520126224,0.229104836728456,0.0366364295361787,627.477951680822,0.00106373209535273,14.9115217019032,1.02984813198853,0.0083930532721529,-10.34642,0.229095882421341,0.0366761689544392,714.665716876267,0.00107407724724088,17.3361259956716,3.08518231153061,0.00298983704213472
3.2,Control,Male,TrainingTask_LL - Copy,2,48,0.265858692519779,0.051012148016696,-4.361767,2.61430891235575,0.177350962004056,0.283664998749345,116.152068134827,0.00553811848447071,2.03499684921481,0.630471177307563,0.0101679024938098,-9.336331,0.227517089413796,0.0445681532636877,455.991189148361,0.00206113414101707,6.19795184552122,0.189690268494892,0.197974695489704
3.3,Control,Male,TrainingTask_LL - Copy,1,105,1.47997073398001,0.00817041654612048,-10.5505,1.83699031902235,0.229167059610332,0.0357141629933158,680.764775744874,0.000922323294767771,17.2405967859697,1.48185860565907,0.00817196086902114,-10.55636,0.229162910663299,0.0357181536618889,772.150205290631,0.000925982331544755,19.8814169666924,3.75710280055789,0.00317140558589795
4.2,Control,Female,TrainingTask_LL - Copy,2,15,0.800209088072358,0.00985238532540617,-9.499922,2.41870549973768,0.227888070476902,0.0431048623375395,627.594581460548,0.00193267747539701,10.3510741824702,0.789796367578271,0.00981131472065353,-9.488952,0.227953552628554,0.0429503738082721,489.456598346974,0.0018887328724023,7.58318451114005,2.11740316149427,0.00398728543125994
5.2,Control,Female,TrainingTask_LL - Copy,1,80,0.31375548338192,0.0324177415686749,-5.60363,3.68782684675064,0.189793850458004,0.167548309726703,354.382270506229,0.00511703272520711,5.06630990211655,0.304976255275592,0.0346513907799161,-5.868402,0.191462247613868,0.180860787159818,108.099468290207,0.00521635494180209,0.794714831458312,0.207332489997407,0.136547829591754
5.3,Control,Female,TrainingTask_LL - Copy,1,60,1.08132398021588,0.00902455571354356,-9.899322,2.06512219544535,0.228720033028718,0.0394371041886998,615.726553115333,0.00146677642765353,12.5678546767934,1.08051140024691,0.00901718835899658,-9.899703,0.228728387862484,0.0394074283766358,591.095661692326,0.00146010295108401,11.9596943088651,2.16750383860026,0.00447612809538571
5.4,Control,Female,TrainingTask_LL - Copy,2,45,0.81691056203897,0.016235738587971,-7.83109,2.39335476494802,0.21662980602662,0.0744477686056351,290.0445456007,0.00388986721201006,0.773210820984051,0.816686105679942,0.016114496017094,-7.829248,0.216918556123849,0.0738921683493321,232.926938673699,0.00382771167936636,0.250906556964256,0.892827509597466,0.0149576085074207
5.5,Control,Female,TrainingTask_LL - Copy,1,88,1.43779351076452,0.00776879842223077,-11.08569,1.82042384250662,0.229185906713434,0.0339822335922777,764.821972977058,0.000638868829540352,21.9280642678,1.43720339608569,0.00776662376829754,-11.09511,0.229183540793146,0.0339716952648228,895.27792444205,0.000638524182857875,25.8726912362935,5.66833511366507,0.001960997355961
1.1,Control,Male,TrainingTask_RL,3,41,1.79287176005185,0.00746694138759403,-11.65696,1.85112007294386,0.225636958802145,0.0333381083437476,844.914271566827,-0.000383080679969987,30.5814581183429,1.79379963654574,0.0074670640537177,-11.66042,0.225636273058039,0.0333381531476366,971.597230509546,-0.000383442146407919,35.206717488479,11.5533218313549,0.00126262900437735
1.2,Control,Male,TrainingTask_RL,3,43,2.49402186481129,0.00746178004705956,-11.6716,1.80250157175251,0.225634659923477,0.0333159644696368,807.993570122138,-0.000379223897637515,29.2895448733256,2.49405434182071,0.00745877166596985,-11.68575,0.225632252125548,0.0333023755607182,973.866350986801,-0.0003773577258157,35.388468042231,12.4721978327111,0.00151093852827844
2.1,Control,Male,TrainingTask_RL,3,15,1.74639139520377,0.00864900971018733,-10.1088,1.81696694549876,0.225512873981884,0.0384917600916073,568.896299703304,-0.00115320449266942,15.2236604182658,1.74573766333409,0.00865293496689235,-10.11981,0.225505189892724,0.0385010571597219,645.28260845017,-0.00115887153385222,17.7265934563802,3.86798886900691,0.00408140100604124
3.1,Control,Male,TrainingTask_RL,1,60,1.59120947451999,0.00774114909189174,-11.04754,1.74948715033062,0.225727998006498,0.0345245176352109,714.145486253662,-0.000577983777376711,23.6637890077109,0.332872666104291,0.0681239626921379,-2.774416,0.165165792903218,0.413483758587473,65.9090451435724,-0.00392246011011866,1.26040387856335,5.74020481342471,0.00219802328872657
3.2,Control,Male,TrainingTask_RL,3,27,0.544355787087512,0.0179694528800948,-7.410301,2.21553698014503,0.207944906063764,0.086084784891108,229.599002182395,-0.0035948926393893,0.780085002286886,0.543195741705257,0.0180085784069424,-7.417299,0.208018775520892,0.0862903130243561,202.563392728669,-0.003588644339603,0.542140437721266,0.2782100178042,0.146503929525068
3.3,Control,Male,TrainingTask_RL,2,106,0.28366680629513,0.0607801962111823,-3.97877,1.52637119454806,0.170804228825175,0.35621261514852,51.8922899801238,-0.00390846875912493,0.689284976513086,0.282160435391573,0.0560390469691163,-3.892574,0.170487924949825,0.327808614175552,73.8114926883659,-0.00392539517114238,1.20566189095915,0.233059027382383,0.161852747832218
4.2,Control,Female,TrainingTask_RL,3,10,1.07943583999825,0.0145603331462185,-8.065707,1.85748385318706,0.215420096724113,0.067290850158976,240.691104725881,-0.00313562019489003,0.967649638555097,1.08114961015742,0.014543015034032,-8.068601,0.215429765913012,0.0671851228954722,261.652136580713,-0.00313807213951797,1.15453242398652,1.02078504497401,0.0181854935457996
5.1,Control,Female,TrainingTask_RL,1,107,0.654635729593126,0.00828385975396416,-10.39227,1.71016234888396,0.225685374452584,0.0368887379601544,585.749865787289,-0.00093341513756538,16.8718073967107,0.655038424635563,0.00828297686624347,-10.41163,0.225678575512909,0.0368767252408647,728.606526648406,-0.000936585954018806,21.7290915182395,0.141517802904503,0.200820812931085
5.2,Control,Female,TrainingTask_RL,1,70,0.147943365797603,0.0449468498713554,-4.647623,2.16013031771677,0.175720471610485,0.255168750755153,95.5693117760009,-0.00394654315985185,1.38285152934216,0.146841552622442,0.0466228669730257,-4.618453,0.17545927239528,0.265390745964645,84.2156376172758,-0.00393592431874888,1.15383727702994,0.11864015342475,0.182090279655719
5.3,Control,Female,TrainingTask_RL,1,23,0.146159739763253,0.0492828794937906,-4.478328,1.90917495965998,0.174372562080315,0.282362202355845,76.4091848927927,-0.00392796634301375,1.04978962039435,0.144849673623582,0.0486400216118103,-4.465604,0.174299835765709,0.278587966949296,81.5896378871865,-0.00393267755471019,1.1673018589313,0.115808279619049,0.212622031915766
5.4,Control,Female,TrainingTask_RL,3,24,0.851831639480261,0.00879639987573715,-10.00838,1.80613966038665,0.225416813006595,0.0391450433851348,541.728042403617,-0.00123662764735927,13.9558665826139,0.847200590130477,0.00881557466826447,-10.01084,0.225397511313938,0.039220466000914,614.766043865318,-0.00125131236739884,16.2418540774453,2.44901477243376,0.00336580185087606
5.5,Control,Female,TrainingTask_RL,2,83,0.21098106598559,0.0595965028647073,-3.844429,1.77745338165915,0.170110815464595,0.350028806798607,61.4527335467787,-0.00391590454644789,0.932685664161515,0.210904118922958,0.0565355690692633,-3.852346,0.170251453884937,0.331169875824077,73.3798198516495,-0.00392511887085948,1.20770261148199,0.182483761964846,0.159843615926596
1.1,Control,Male,TrainingTask_LL - Copy,3,35,0.293826298094144,0.0460779094055861,-5.068332,1.82323843186861,0.182819097839945,0.251615402790121,76.2506534996887,0.00547188115256491,0.749159859290575,0.286842509327156,0.0493895880461049,-4.80442,0.180355344979843,0.272634871306464,80.2402565972368,0.00552908719010399,0.980760074105434,0.20937313845002,0.13314946721986
1.2,Control,Male,TrainingTask_LL - Copy,3,35,0.212543991933784,0.0620571709771625,-4.215214,1.47647741290752,0.174886469282928,0.354133969872683,48.9601323915987,0.00570431053600554,0.554235076228601,0.214950182690267,0.0565837935168271,-4.320293,0.176164738987867,0.319030972260086,72.1685390166186,0.00563137709709238,1.04860951822084,0.16673763254496,0.156255987874439
2.1,Control,Male,TrainingTask_LL - Copy,3,9,1.07311649525895,0.0151893750426376,-7.995139,1.99663449619773,0.218704206993602,0.0690693087900248,249.665568603467,0.0036459023988662,0.370583740124436,1.07379551893203,0.0152087873857939,-7.991642,0.218666368360869,0.0691690308226329,249.756865652852,0.00365025627860941,0.371176685374873,1.34352564681501,0.0120650285058812
3.1,Control,Male,TrainingTask_LL - Copy,1,59,0.279952256431709,0.0621794495706056,-4.126099,1.66913184337527,0.174337585503228,0.355156117092259,54.8769308782049,0.00570310005158938,0.719762077039937,0.278141058976605,0.0589510075791248,-4.160577,0.174919940787784,0.334479996846414,69.9900871047313,0.00566096279770029,1.0676268992453,0.223369607290314,0.12758088339741
3.2,Control,Male,TestTaskA,1,63,0.616069516834516,0.0657779420104918,-4.925035,0.751369775059986,0.221115157338362,0.297674400035441,31.6590895914981,-0.00399082245732681,0.123517632641524,0.574980727295301,0.068159313343985,-5.038076,0.21944009442614,0.309236793716294,61.2474754021257,-0.0042450193052108,0.660149219325929,0.467604690488086,0.105664126802653
3.3,Control,Male,TrainingTask_LL - Copy,2,83,1.13552190582408,0.0079551449927158,-10.80127,1.75797544876389,0.229195556188257,0.0347851439440673,683.951366452126,0.00077221133131782,18.3745937648215,1.13039108259173,0.0079544966591737,-10.81126,0.22919152152902,0.0347797910889846,836.04171594148,0.000774333322378394,22.8463223244762,0.202589703476925,0.103308229782043
4.2,Control,Female,TestTaskA,1,27,3.81535344950412,0.0102828790202464,-9.407854,2.00264729086813,0.245769348824716,0.041980367074522,481.870312572289,-0.000497052716957182,1.95530342567019,3.81660594868902,0.0102869843823763,-9.406155,0.245768749112272,0.0419970867591647,480.682352369917,-0.00049774060965392,1.94865068970176,7.57861719015713,0.00560743522757719
5.1,Control,Female,TrainingTask_LL - Copy,1,95,0.418004201015796,0.059579345407919,-4.280629,1.65966607838839,0.175561550752612,0.338194694152994,56.3511231850605,0.00567146743146136,0.695781934598503,0.420206197931949,0.0575926658071099,-4.253599,0.17563021871351,0.325599773474543,71.2140092156308,0.00564465985610877,1.05751677550377,0.328190045438042,0.147392266806893
5.2,Control,Female,TrainingTask_LL - Copy,2,67,0.307875749345698,0.0681218099855256,-3.460444,2.06136276981067,0.17036241156633,0.395258737988588,65.8683848384775,0.0057545175154903,1.21053359162845,0.305171244610481,0.0707160179462257,-3.344824,0.169538813263285,0.412366254064133,61.6997932637256,0.00578245902990043,1.13146815406454,0.26716452624572,0.155885587315839
5.3,Control,Female,TrainingTask_LL - Copy,2,30,1.21541504778225,0.00772505328199647,-11.16528,1.84144039668096,0.229179042779591,0.033794081168142,789.73725471967,0.000606897588454054,23.0084760224648,1.21496987042731,0.00772510870871619,-11.16991,0.22917739836978,0.0337933941035514,908.473582362211,0.000607916290252033,26.6088841077625,0.163445922727171,0.125842183895199
5.4,Control,Female,TestTaskA,1,19,0.717957650549861,0.029336170528656,-6.647479,1.82584562682372,0.237835894299232,0.123329553153566,118.144267934201,-0.00258716270184589,0.199250660350268,0.726452317097526,0.0285826738165894,-6.707975,0.238190498401633,0.11997631280631,133.026039235177,-0.00254080669321406,0.258502896878907,0.530348018760284,0.0476870680271742
5.5,Control,Female,TrainingTask_LL - Copy,2,60,1.94101229724924,0.00748245965235227,-11.76576,1.7103436923703,0.229108343699471,0.0327532413073867,744.514910042636,0.000424160106690216,23.8585336211999,1.93952572220082,0.00748130035750343,-11.77444,0.229106806446262,0.0327477602912744,980.578500171284,0.000423838987959718,31.4647310194373,11.6273379767808,0.0012146901776296
1.1,Control,Male,TestTaskB,1,17,4.15183019533536,0.00869486499051038,-10.26805,1.96614436018775,0.244795441382209,0.0358835922256129,689.866265689775,-0.000144045010021367,3.51218332947666,4.15003176538205,0.00869176329701352,-10.2714,0.244795290716643,0.0358710199893659,708.306717916272,-0.000143490482462959,3.61906459762205,11.4851897971643,0.00366554075967925
1.2,Control,Male,TestTaskB,1,28,3.71571911309731,0.00813747569788926,-10.84948,1.95615391238132,0.244790601320383,0.0336276460204811,824.848150577413,-4.12685657948989e-05,4.3850254259674,3.7151326219088,0.00813951018627207,-10.84731,0.244790571488245,0.0336358705165458,855.428351769016,-4.16574941444306e-05,4.55388144948209,17.1799495912734,0.00221740872907323
2.1,Control,Male,TestTaskB,1,6,0.490012725187931,0.121254235827553,-3.387882,0.865792954358268,0.201420924361572,0.602061036130445,20.7251449346404,-0.00364591380950951,0.240812643508143,0.527745652801818,0.0920629408150946,-4.243308,0.21009394288822,0.432854540697998,49.1916580092677,-0.00320296695558557,0.775968674362144,0.44206061718609,0.131069741712847
3.1,Control,Male,TrainingTask_RL,2,61,1.55420944143684,0.00811733617170124,-10.55236,1.67385888925841,0.225727824130612,0.036161315837021,598.353665103725,-0.0008281088516991,17.8844635066744,0.387048828081214,0.0692799617915967,-2.637424,0.164680366653696,0.422401009610891,65.430053093329,-0.00392243407661897,1.26657602931881,3.74653734266781,0.0034475229203044
3.2,Control,Male,TrainingTask_LL - Copy,3,30,0.378939296785248,0.0703034081083234,-3.219295,2.14257571440095,0.169062785291021,0.410203942768627,67.9955259951333,0.00577367876558934,1.32614527552713,0.37638558098239,0.0732422540571786,-3.177622,0.16853620332362,0.429294445191445,60.2527015247692,0.00580751818746378,1.13325925291882,0.352902515640813,0.0931657476328597
3.3,Control,Male,TrainingTask_RL,3,78,0.227509528971743,0.0554365856536565,-4.191532,1.70200558261467,0.172275356458486,0.321786893594359,61.730858350815,-0.00391474060215143,0.83945898918612,0.227517311631006,0.0517440545030486,-4.228658,0.172626815462779,0.299063434241178,78.0117713284013,-0.00392882307069144,1.1860665782505,0.189782288375095,0.15696348068356
4.2,Control,Female,TrainingTask_LL - Copy,3,48,0.570511121758572,0.031411040235429,-6.095622,2.65299038486227,0.193825215284021,0.161351569778901,176.845425641069,0.00513459388749811,1.66158746502563,0.576040793565163,0.0308917310359285,-6.168532,0.195127019666447,0.158226203585579,119.71707599311,0.00508965232963202,0.713562730541377,0.504959361685831,0.0407707629640134
5.1,Control,Female,TrainingTask_RL,2,109,1.26698721112438,0.00779966391798973,-10.95684,1.81140673835453,0.225736035487403,0.0347775385828432,740.459743862447,-0.000618586829677744,24.2145080600105,1.26649663528556,0.00779918359262068,-10.96633,0.225733268038421,0.0347732488146144,869.518953622485,-0.000619384769983512,28.7402963282024,5.86776598291827,0.00191655799864559
5.2,Control,Female,TrainingTask_RL,2,77,0.196541240636598,0.0836410765954949,-3.358839,0.811675100663789,0.166658193255506,0.505115164197006,26.8667947824967,-0.00392122013418085,0.301170617354509,0.189727966060993,0.0594673068008176,-3.608467,0.168893592470218,0.351217108065367,71.0343850045492,-0.00392385486795519,1.22003117452972,0.167603688281149,0.233069361298639
5.3,Control,Female,TrainingTask_RL,2,89,0.37685358537043,0.0660066603178809,-4.038904,0.990583316395762,0.170882931296164,0.388064698670996,35.4979217923811,-0.00389948063308315,0.359607784997221,0.373271865051885,0.0532598415125033,-4.112613,0.17185151385698,0.309146975839705,76.4292523367132,-0.00392736237791443,1.19379406810492,0.323281248416636,0.118553181369632
5.4,Control,Female,TrainingTask_LL - Copy,3,24,0.569036822688252,0.0126385371154642,-8.552254,2.03577123344455,0.223552872811023,0.0562346700118322,325.602095768354,0.00300102092256907,1.6207953951026,0.56558138877828,0.0126913790255722,-8.537271,0.223457703424585,0.056497529306247,316.9787021447,0.00301450635112943,1.50399190668035,0.92117034719906,0.00778644250370175
5.5,Control,Female,TrainingTask_RL,3,68,0.199621766493501,0.0480864655910153,-4.531163,1.96398221723867,0.174781016795212,0.274788531654515,80.4822784373636,-0.00393196101799956,1.11430833156213,0.200201128402027,0.0481936814700908,-4.499478,0.174551056162866,0.275661001241169,82.1486024616184,-0.00393334227523081,1.164411080533,0.159195802877499,0.170662055837485
1.1,Control,Male,TrainingTask_RL,4,24,1.82743049145776,0.00842220506958242,-10.27635,1.75691237075608,0.225632079615084,0.0374944395465881,582.217475709477,-0.00101857659629615,16.315702686056,1.82702296263986,0.00843238476718348,-10.28493,0.22562111471895,0.0375308108511572,692.425226039452,-0.00102840842954698,19.9967460125347,4.14573252943923,0.00390359156528797
1.2,Control,Male,TrainingTask_RL,4,32,1.7029344235684,0.00769470929860072,-11.12953,1.79079961993626,0.225718043747185,0.0343230392396588,750.995976618241,-0.000545851859609178,25.2551833952188,1.70151564873475,0.00769366496132062,-11.13977,0.225715464155438,0.0343167450137585,903.189872426989,-0.000546053162522257,30.6261735783604,5.70796327145365,0.00223324638485004
2.1,Control,Male,TrainingTask_RL,4,18,0.415091558242859,0.0825531580705138,-3.380557,0.84377957997598,0.16680492181408,0.49797978660543,27.643727547509,-0.00391944724677249,0.312653959882787,0.412729234742552,0.0618099766316909,-3.40421,0.167852974443944,0.367526589484229,69.3848273406092,-0.00392318817468894,1.23022520048073,0.376950187789716,0.12743785463129
3.1,Control,Male,TrainingTask_LL - Copy,2,38,0.167098834415788,0.0371659134831379,-5.579509,2.63780370514779,0.18822794758888,0.196124148590915,151.845868524374,0.00529363282933863,1.79504497525012,0.166383041869091,0.037587362794272,-5.643239,0.188894290819033,0.198758806717645,100.713571080892,0.00529627103947085,0.837996470459494,0.113114065721256,0.161032083333869
3.2,Control,Male,TrainingTask_RL,4,26,1.00415247991529,0.0101774017271907,-9.319851,1.8730200566649,0.223896764066448,0.0454097717962421,415.120020330733,-0.00190929970133005,7.28799626944201,0.997438606392609,0.0102339763977099,-9.305867,0.223812531409251,0.0456607362526258,444.137304924405,-0.00193702718783987,7.82638875982291,1.75719720241698,0.00605881561075316
3.3,Control,Male,TestTaskA,1,78,0.569248703884037,0.0389270110863366,-6.060905,1.62468561731799,0.232942440955968,0.167100063340437,80.8601815585252,-0.00322660362084835,0.240902389461536,0.328441505297661,0.154193682842613,-2.228142,0.192338484917966,0.779506550700629,35.9628143471123,-0.00441075109957555,0.751052701866048,0.25242698026261,0.227265880196834
4.2,Control,Female,TrainingTask_RL,4,28,1.3582426261269,0.0102534169021395,-9.2782,1.68838505119852,0.223790411359928,0.0457796447326914,365.125674949337,-0.00193549967555824,6.05438010496283,1.35410239833975,0.0102779240881691,-9.288325,0.22374824704831,0.0458654118082135,440.594924178834,-0.00195520804795717,7.65724469413556,1.87622915740846,0.00766180676169992
5.1,Control,Female,TrainingTask_LL - Copy,2,74,0.162776098570414,0.0716247896062948,-3.517535,1.73787162778272,0.17022544331253,0.417533514497993,51.8118989959031,0.00579952618094257,0.835131143505718,0.165288506249859,0.06780359981317,-3.53945,0.170755851287451,0.392929089804146,63.5215231302056,0.00575335825476419,1.12874845620892,0.135749724547268,0.181904668866134
5.2,Control,Female,TrainingTask_LL - Copy,3,76,0.730288366874387,0.0100296359631249,-9.381569,1.75900752698182,0.227701247465998,0.0439540812795741,402.858358320379,0.00198447189154762,5.46300060634604,0.727405949694005,0.0100765923893469,-9.373998,0.227633378378561,0.0441522720938357,464.02764766584,0.00201807619117632,6.52588186162436,0.238845996396663,0.141705894042171
5.3,Control,Female,TrainingTask_LL - Copy,3,106,2.23919735307559,0.0074368979133478,-11.93589,1.87563020516061,0.229087607665995,0.0325577135919072,880.575316546283,0.000389332115015478,28.805730252146,2.24059066349562,0.00743676652815877,-11.9383,0.229087183725878,0.0325569784356992,991.838421583049,0.000389423932326821,32.4481706361639,15.7070330387574,0.00105842393446262
5.4,Control,Female,TrainingTask_RL,4,30,0.242778557407763,0.0633444769982214,-1.957684,2.43639827200799,0.162947946242385,0.392926410590017,95.2125053970119,-0.00394484392611487,2.14259935881329,0.501543432791841,0.0130038199256304,-8.431404,0.218723278621635,0.0591740916491521,303.408719095218,-0.00281916575500616,2.13929035268143,0.194800702314012,0.194163250094486
5.5,Control,Female,TestTaskA,1,78,0.526145129878881,0.0445043219304934,-5.879399,2.25500728514368,0.229819647955679,0.193479033065747,100.592972357704,-0.00364466819501472,0.668600724598943,0.52610425159237,0.0432475853079221,-5.893853,0.230594277100527,0.187447948115782,89.7566880930616,-0.00352517564357234,0.478217606519999,0.308065084657555,0.116995392563931
1.1,Control,Male,TrainingTask_LL - Copy,4,22,0.688088989876148,0.0120982358659507,-8.684036,1.724438846413,0.224527806338598,0.0536491979245885,288.996049750236,0.00280819553388242,1.53494348087102,0.688116417226756,0.0121101741925067,-8.690915,0.224498564607005,0.0536771743766438,339.495361275462,0.00282934629900852,2.08740110810778,0.246786698197823,0.140459568425754
1.2,Control,Male,TrainingTask_LL - Copy,4,48,0.259006775062448,0.0913100038738121,-3.085649,1.08768961984274,0.166693218121976,0.546066375664932,29.3315781237612,0.00601512313634665,0.390407628453368,0.2577993009646,0.0731444944439313,-3.184085,0.16857415168793,0.428638197666247,60.3065074371671,0.00580655168912068,1.13319077514401,0.20493040777984,0.249168373153538
2.1,Control,Male,TrainingTask_LL - Copy,4,5,1.54780302185452,0.00850536261480636,-10.23377,1.59559162195303,0.22905989613769,0.0371740648121588,511.087150511278,0.00113832152712405,11.3721105483112,1.54929501374557,0.00849414802497119,-10.26194,0.229053436737218,0.0371157419907908,691.017995877297,0.00113977518240178,16.3035179461067,2.5616546836226,0.00502840256919227
3.1,Control,Male,TrainingTask_RL,3,56,1.38177734264387,0.0076178935120488,-11.28086,1.86881526148341,0.22569661654163,0.0339901702083114,824.047174602478,-0.000491989881367375,28.4076741088394,1.38265972354245,0.00761256991089312,-11.29675,0.225693748177279,0.0339662945137355,928.70507213292,-0.00048866627718398,32.1800424885035,0.193608127122534,0.19949139335388
3.2,Control,Male,TestTaskB,1,16,1.07317081861247,0.0287885722765824,-6.736451,1.67233535711586,0.237909530480502,0.120894171923705,111.606294359909,-0.00148746678190493,0.481403306920485,1.06543099440581,0.0290466883666697,-6.73078,0.237763025046818,0.122022448853331,131.884184384676,-0.00151032394181146,0.645193837371414,0.883730167753591,0.0363381126238004
3.3,Control,Male,TrainingTask_RL,4,59,0.305524842158813,0.0256851064402058,-6.327733,2.37747639327531,0.193684159712917,0.132479634709002,174.208815498949,-0.00395000806666476,1.27413608348916,0.29934738490326,0.026425072258017,-6.322217,0.193510016788993,0.136637078573975,136.395608586732,-0.00394176526119333,0.782557582024411,0.203624426079887,0.0968172695730514
4.2,Control,Female,TestTaskB,1,34,1.73515584255313,0.0172446476988574,-7.919304,1.84012706860793,0.242973176032888,0.0710622909845939,207.987605487316,-0.00100398459540952,0.987416971335354,1.73569689649994,0.0172804656319628,-7.92662,0.242953638675695,0.0712099679874935,226.784208175524,-0.00100755366362576,1.12764827343569,2.7269599744277,0.0111139293025925
5.1,Control,Female,TestTaskB,1,102,1.36601365793215,0.0135625495533912,-8.519352,1.73610372760956,0.244090267951424,0.0557586799504461,263.296686225308,-0.000740070690682713,1.32175683208223,1.38071206063582,0.0134294034984027,-8.566126,0.24411303981463,0.0552082593879298,311.131084036443,-0.000729496530869807,1.7169886109115,0.611322357343777,0.0482572897773536
5.2,Control,Female,TestTaskB,1,57,0.679775205282741,0.045601895205193,-5.74452,1.26235087738547,0.229704500440935,0.198218326388677,58.3884650646372,-0.00195866492759896,0.335188982349138,0.675029833687387,0.0455493245032847,-5.795745,0.229651285465258,0.197740676690992,86.8850108006145,-0.00204531233908494,0.702893012927461,0.517349559398328,0.0597949930567813
5.3,Control,Female,TrainingTask_RL,3,79,0.247853259505233,0.0418292912643803,-4.757519,2.38896822570355,0.176656835331557,0.23584410213874,116.496678393424,-0.00396601254392408,1.77207644762762,0.244767835062591,0.045424756170738,-4.709126,0.176179309022434,0.257587194870992,85.9038487849487,-0.00393815662436781,1.14526581725329,0.189044220309062,0.13037674313237
5.4,Control,Female,TestTaskB,1,30,0.756802399552328,0.028027180742966,-6.793699,1.63055789269588,0.238284550801454,0.117522231473643,111.993889896954,-0.001460961918844,0.467567014404716,0.746706872778177,0.028172018397829,-6.797935,0.238193103793247,0.1181447427494,135.862150177711,-0.00148031136002176,0.648544593178796,0.66691345348676,0.0316828816277257
5.5,Control,Female,TrainingTask_RL,4,55,0.294980073136581,0.0392677782702099,-5.157413,2.05932400182106,0.180125631342729,0.218002208597702,99.854544685198,-0.00395551223581763,1.17018368493066,0.294093148650188,0.0396434214366481,-5.152742,0.180072493237854,0.22023479362418,95.6419952580908,-0.00395194296194916,1.09282219855496,0.233212032064457,0.0883007605990207
1.1,Control,Male,TestTaskA,1,136,1.7568445319441,0.0151932404854617,-8.185163,2.10443520700804,0.244478108835717,0.0621930078960708,281.247837250019,-0.00119116410066522,0.588924412326851,1.7700270328232,0.0150746451023019,-8.203548,0.244523196392843,0.0616990350637772,267.756826337783,-0.00117573090532991,0.555373615610907,0.427457676576676,0.175087507446535
1.2,Control,Male,TestTaskA,1,156,1.84202830138357,0.0393898555348076,-6.041237,1.67907069374307,0.23268601117511,0.169265264494466,82.3241272424514,-0.00326102961422614,0.268285409500832,1.82125193973876,0.0400949778536043,-6.036249,0.232178009538738,0.172627263023051,96.1540632273946,-0.00335712801105359,0.438951475305535,1.68715643717086,0.0400856550441763
2.1,Control,Male,TestTaskA,1,103,1.04751975598329,0.0241603107500158,-7.066229,1.81766826948674,0.240503466350584,0.10044381728208,142.879198241784,-0.00213477280086188,0.140558257068379,1.03053350703623,0.0245122594247009,-7.03727,0.240301095416381,0.101988678545112,155.291868371681,-0.00217695036985339,0.201330240732018,0.822828877051155,0.0342296773710064
3.1,Control,Male,TestTaskA,1,147,1.52082276183706,0.0145618773523015,-1.627279,7.20252031866557,0.239000404987029,0.0634332539231704,25342.5964491581,-0.000194705147864455,582.942115146841,2.73403834475635,0.0108782392830719,-9.192269,0.245668324833726,0.0444075101346609,433.084174626888,-0.000594971426583995,1.66706209542179,5.6779729708956,0.00596208635699136
3.2,Control,Male,TrainingTask_RL,5,68,0.84522613318832,0.00821007399506297,-10.46616,1.80015230557062,0.225704881402099,0.0365636772249453,642.422228124783,-0.000888317413519604,19.0153172632789,0.845820448092097,0.00821188934397434,-10.47729,0.225699582653236,0.0365663421322671,747.10787919667,-0.000891898602988188,22.6159928290384,3.28226671503237,0.00242715614446491
3.3,Control,Male,TrainingTask_LL - Copy,3,94,1.54161754800862,0.0075895581508627,-11.45643,1.7932932526899,0.229146973406072,0.0332124632871428,785.442714993382,0.000505734662301073,24.063198769673,1.54083389046963,0.00758854885241871,-11.46364,0.229145340338971,0.0332074472474368,950.60110641312,0.000505718907573539,29.2164734368789,9.63785853900495,0.00134645764877861
4.2,Control,Female,TrainingTask_RL,5,120,0.604023938819206,0.0204379214816286,-6.778509,3.42730373515384,0.200269968356676,0.101288706924954,415.598519299428,-0.00386696764541584,3.51472442116865,0.586027721873613,0.0222160887689614,-6.810023,0.200034609900933,0.110953714118267,161.824082771008,-0.00384481706782559,0.605402629768383,0.297372172484234,0.167122485215612
5.1,Control,Female,TrainingTask_RL,3,150,1.44223389284711,0.00841633911153182,-10.28074,1.75041271672398,0.225634761215488,0.0374688624224692,580.420799047838,-0.00101494878123355,16.2746773521361,1.44177257199569,0.00841932139813584,-10.29546,0.225626838503631,0.0374735229950837,695.445962619862,-0.0010204923149997,20.1415213876267,3.19799931480709,0.00382743659738637
5.2,Control,Female,TrainingTask_RL,3,82,0.24503535905156,0.0522000333334985,-4.29281,1.87201804807486,0.173031008697726,0.301345465231457,71.5882806307486,-0.00392317034112277,1.01850603280408,0.246370963702549,0.0501444070332273,-4.35104,0.173473580287439,0.288484101044694,79.7920585042727,-0.00393064999366308,1.17674653463941,0.189790692434052,0.214323172808476
5.3,Control,Female,TestTaskB,1,93,0.691739007853867,0.0554482184259512,-5.368558,1.68228314777628,0.22515187377444,0.245395299392458,61.5303991447988,-0.0023044061696872,0.532167779537378,0.683831550977554,0.0566133758752775,-5.360659,0.224600281232256,0.250833747785234,72.0073497883136,-0.00239236810815227,0.731451168878271,0.563692322885116,0.0624937838430414
5.4,Control,Female,TrainingTask_RL,5,144,0.489235536936377,0.0801884483810959,-3.405073,0.944267513757134,0.167030632231548,0.482731714269087,29.9790694198967,-0.00391592990614984,0.352368117431582,0.488291342376382,0.0604185598456859,-3.526748,0.168466903579597,0.357804639804988,70.3408987478226,-0.00392355220175594,1.22412309502328,0.407061216633045,0.195544530948889
5.5,Control,Female,TrainingTask_LL - Copy,3,98,1.02586632428383,0.00830177105020319,-10.42183,1.86731922219882,0.229131541510535,0.0362827956547894,667.598695820781,0.00101112242288812,16.3350021388318,0.219359703854526,0.0672202558514486,-3.580246,0.171007386003098,0.389047676189559,63.8892928378201,0.00574781253886785,1.12599538410885,0.175473667804333,0.174416085923267
1.1,Control,Male,TrainingTask_RL,5,26,1.75606684060981,0.00832327249373803,-10.35387,1.65057339912701,0.225673370146121,0.0370630112319617,552.937387216418,-0.00095704430136672,15.6702409928664,1.7550204593293,0.00832180813838748,-10.37733,0.225665350159365,0.0370464900327097,718.862112751509,-0.000960722972713515,21.2625641580494,4.09020125131381,0.00374984876606516
1.2,Control,Male,TrainingTask_RL,5,47,1.80874356537402,0.00800818509313537,-10.67173,1.6384620571367,0.225742496668825,0.0356859082886813,600.236227308282,-0.000757131608462333,18.393507990659,1.80910125573491,0.00799928113047637,-10.7011,0.225736532110262,0.0356409008036979,807.356345025583,-0.000754328271183113,25.5444170305814,4.79100688209149,0.00309935780812606
2.1,Control,Male,TrainingTask_RL,5,19,0.457331192512059,0.0457074011974005,-3.512245,3.00069432582302,0.168758631743431,0.267192617250848,168.485103957668,-0.00401036795293711,3.77317785829786,0.449404095470329,0.0585902469925695,-3.682701,0.16929335986421,0.345181093518114,71.7008052965411,-0.00392417058135125,1.21628744828506,0.39978323649039,0.110413539976314
3.1,Control,Male,TrainingTask_LL - Copy,3,51,0.155085659565409,0.0398326913936737,-5.24081,2.87577569302182,0.185198088068459,0.212579535942209,167.958563470244,0.00534162215086955,2.39709536559614,0.156197855176563,0.0399816818262557,-5.467369,0.18696416195536,0.213491604831344,95.532742771859,0.00535389866639581,0.871811119553453,0.112805248438969,0.119588836274115
3.2,Control,Male,TrainingTask_LL - Copy,4,30,0.610289220695972,0.0526582573254389,-2.883122,3.30678551170246,0.171569531587266,0.297913381872082,192.368667954721,0.00546471352605146,4.5087210732968,0.597431161199506,0.0645885347062964,-3.768368,0.1721811729029,0.371590703383529,65.6040863761944,0.00572242969607721,1.10819364334003,0.509752859044976,0.112914325922569
3.3,Control,Male,TestTaskB,1,67,0.375331170158615,0.0790472279308321,-4.615679,1.87262087822403,0.215244749719426,0.364119290997002,51.1906954653704,-0.00295785892561976,0.67572728894498,0.389384491751118,0.0753009915123442,-4.749022,0.216713342939582,0.344451718928567,57.2397967780432,-0.00288979396086392,0.762311057210893,0.252621995917469,0.150830909373879
4.2,Control,Female,TrainingTask_LL - Copy,4,29,0.255391138149539,0.0669343450770217,-3.890499,1.59761903902913,0.172518436332033,0.386217090019016,49.7816274972242,0.0057577180338843,0.677984002422309,0.250537796794856,0.0639105741437254,-3.816382,0.172494030819173,0.367107144061763,66.0761001433071,0.00571557287807394,1.10337723936252,0.206636181009485,0.160792676121631
5.1,Control,Female,TrainingTask_LL - Copy,3,101,0.244967402874946,0.0550827611717057,-3.362698,2.99511727602443,0.172316165209278,0.312147086827301,145.570859482757,0.00554610353708972,3.22658307168432,0.23974969672355,0.0652785635222764,-3.719151,0.17186711852589,0.376159679555978,65.1380286274528,0.00572925978590718,1.1130727355899,0.185759165025772,0.141053649176476
5.2,Control,Female,TrainingTask_LL - Copy,4,85,0.920657282253714,0.00835791276583857,-10.36726,1.79606892296327,0.229114573385904,0.0365279417106867,621.280655287832,0.00104688253706254,14.8297030760915,0.912495388891133,0.0083710285777386,-10.36567,0.229104174861868,0.0365805341571998,720.034186655576,0.00105959717766552,17.5713173213875,0.167026448632014,0.155024603505549
5.3,Control,Female,TrainingTask_RL,4,132,0.286143099620147,0.056711040128117,-4.387519,1.23218065684097,0.173466977101418,0.328059866604935,45.9136726421682,-0.00390066183210074,0.470425741827665,0.283395456214849,0.049049088579797,-4.434518,0.174072100977523,0.281274086966627,81.0878664428421,-0.00393209421492391,1.16991317250542,0.236553181866331,0.10999917078601
5.4,Control,Female,TrainingTask_LL - Copy,4,56,0.90789932977541,0.00935905077112778,-9.689739,1.64618256544633,0.228445274790178,0.0409389108363664,429.366662914594,0.00163971019331773,7.269059286169,0.90505132592508,0.00937063716551896,-9.702019,0.228420746040595,0.0409743468273141,540.172786938767,0.00165897295854053,9.7511604185476,1.35189480489874,0.00615711039963988
5.5,Control,Female,TestTaskB,1,75,0.764453135030787,0.0316570919631255,-6.533964,1.76362696838737,0.236483318702201,0.133702293036801,107.025676139368,-0.00158365316329706,0.519791691857198,0.76028095655672,0.0319212969342906,-6.526917,0.236334964501107,0.134871617237884,120.486805733815,-0.00160640959540527,0.647609087665848,0.701544224897935,0.0319078086454913
1.1,Control,Male,TrainingTask_LL - Copy,5,18,0.2403278494718,0.0685806049806439,-3.717815,1.71867397298988,0.171474155467126,0.397316956305924,52.7210253264193,0.00577123856202051,0.801453294583408,0.241810623512932,0.0658941586017283,-3.674911,0.171590598517994,0.38024055746387,64.7341941494985,0.00573522623926027,1.11740454571802,0.192495233368454,0.172701311324621
1.2,Control,Male,TrainingTask_LL - Copy,5,32,0.158741675478261,0.052128999900034,-4.738472,1.56723394274435,0.179553769872179,0.290100634373184,59.2341630672114,0.00556628459852902,0.563289356687286,0.157896741641692,0.0495986963655644,-4.789981,0.180223015644247,0.273971448981713,79.970815508529,0.00553224179215381,0.982893083855804,0.122016877436536,0.224613477931943
2.1,Control,Male,TrainingTask_LL - Copy,5,9,1.74796918090647,0.00991416224062358,-9.439232,1.92533349349534,0.227835614663756,0.0434200196949641,457.415537539104,0.00193607199925897,6.72198633257626,1.75121584597369,0.00991934135018868,-9.441079,0.227826447981139,0.0434386850563486,478.691470029485,0.00194217665310868,7.1318344810298,2.86086517366022,0.00621858941242078
3.1,Control,Male,TrainingTask_RL,4,56,0.393194601653148,0.0762307289644762,-0.4872152,2.38754599412612,0.159480956682565,0.497895615656585,85.8124258363633,-0.00393891989803821,1.90980386133261,1.58263219107678,0.00774219937178412,-11.0563,0.22572509004798,0.0345266413980732,887.700538928552,-0.000579970256869324,29.7400480874471,5.32360330278176,0.00228389662156673
3.2,Control,Male,TrainingTask_RL,6,15,0.444698772805788,0.0239534240617539,-6.532939,2.38122312054993,0.196413536054737,0.121773985788696,186.707536736783,-0.00391649558229695,1.18322034171047,0.441044582960042,0.02489731942371,-6.488929,0.195715805619713,0.127228421705794,144.433429996654,-0.00391821474202158,0.720494786886935,0.365280848452903,0.0504158028502814
3.3,Control,Male,TrainingTask_RL,5,65,0.357927494724992,0.0977139199637484,-3.244175,0.235583319386702,0.165553161910326,0.596256765186688,17.0698422828187,-0.00395581769287374,0.151835505824431,0.359991958967609,0.0575278261215938,-3.771103,0.169784801646304,0.337914899298041,72.5478971582117,-0.00392462238990693,1.21181910933834,0.298848678933226,0.176309991535642
4.2,Control,Female,TrainingTask_RL,6,27,1.25029758664586,0.0126220893253205,-8.532029,2.01338114289616,0.219510838513061,0.0572381995684306,318.83180548312,-0.00272484000159271,2.56020849033401,1.24882305033298,0.0126286839568437,-8.529871,0.219498186207806,0.0572731441146631,316.111995831926,-0.00272601259360161,2.52289329733641,1.55275464502698,0.0107339665708997
5.1,Control,Female,TrainingTask_RL,4,84,0.315056246529103,0.0343465836601309,-5.509634,2.21644218366228,0.183726175107925,0.186911964446351,122.43638679136,-0.00397497545430805,1.32509020473707,0.309511160391268,0.0372733659657024,-5.341147,0.18192042015824,0.20505375124198,100.604620527978,-0.003958390939092,1.06294797547036,0.253228647997109,0.0843969194306905
5.2,Control,Female,TrainingTask_RL,4,76,0.208623887519301,0.0810344340505819,-2.621004,1.50848870061593,0.164155117294888,0.497360217021138,42.8696397342125,-0.00391690469190568,0.712474153973759,0.207853955589179,0.0689199464302055,-2.681204,0.164831772524683,0.419599068716402,65.5735225637061,-0.00392244015230927,1.26462805365921,0.177204708123512,0.24629659190924
5.3,Control,Female,TrainingTask_LL - Copy,4,75,2.21308564650262,0.00752006211064881,-11.6484,1.88088922994727,0.229122713352433,0.0329141465102966,867.751710342312,0.000453277520931138,27.376633778595,2.21491479178131,0.00751987606096105,-11.65133,0.229122066240028,0.0329130611066258,970.227383626309,0.000453453062168961,30.6361209428191,12.3439545243235,0.00137196250271997
5.4,Control,Female,TrainingTask_RL,6,38,0.340419382847614,0.0524046916103982,-1.881321,3.02054412008544,0.162604775137543,0.322775401651032,163.363531807374,-0.00400639072796111,4.1451511427672,0.477954323868578,0.0203874759905087,-7.055679,0.203329226526443,0.100077375591789,176.924776196456,-0.00376052036314962,0.543217146187394,0.277820589820997,0.138468740482907
5.5,Control,Female,TrainingTask_RL,5,62,0.275099164906316,0.0847858731329291,-3.165261,0.968003030406682,0.165821217456328,0.514487050537725,29.3085332713172,-0.00392186929581725,0.36689450498892,0.270308529233521,0.0636769016019983,-3.232647,0.167044538325881,0.38075873657415,68.2116414158588,-0.00392283198090283,1.23871146667068,0.232251735926095,0.168385034512866
1.1,Control,Male,TestTaskB,2,17,1.2930369268257,0.0104271581431134,-9.355866,1.91581354760377,0.244676079928094,0.0429168288839467,442.538788008177,-0.00040675735075313,2.28964281495664,1.28703843423259,0.0104486577992127,-9.352545,0.244671797362888,0.0430042029976973,465.017689272476,-0.000409627427410515,2.46988521009282,0.26439796887062,0.227392988212166
1.2,Control,Male,TestTaskB,2,30,1.93381735975728,0.010510492246363,-9.32581,1.91665342630386,0.244665925446901,0.0432561454465627,436.245137315841,-0.000417650135578067,2.26383148257644,1.93326025642081,0.0105056334510186,-9.332086,0.244664799868153,0.0432361956850104,460.253754273115,-0.000417070237061033,2.44988494167098,3.28996080339906,0.00706133609061138
2.1,Control,Male,TestTaskB,2,1,0.566631851912528,0.100629755131184,-3.920054,0.990058339745669,0.207746539109785,0.483150036787978,25.6705856770948,-0.00332113643165891,0.271304484882069,0.540666390112304,0.104939489253531,-3.860426,0.205253994532593,0.503852377800294,44.7933490666579,-0.00336547042623906,0.780064295250786,0.497732843965859,0.109628149873625
3.1,Control,Male,TestTaskB,1,36,2.9431699363913,0.00827393961204998,-10.67539,1.95812136147316,0.244794084460112,0.0341797031060045,787.807044742443,-6.74317016452217e-05,4.12620079052949,2.92637871770705,0.00827890582240711,-10.67028,0.244794061375376,0.0341997904250677,813.837340978672,-6.83629021118655e-05,4.26946426327152,11.8923499510811,0.00255618819874658
3.2,Control,Male,TestTaskA,2,16,0.374678744198633,0.132401804874767,-3.097316,1.2433186738483,0.198315788714698,0.659170636629631,24.1917242093848,-0.00415348733003482,0.37502075804299,0.368133937053786,0.1396451683455,-2.766548,0.195960498468842,0.693295175526457,37.733195121712,-0.00441877373672444,0.769002848724043,0.324347049941646,0.140599194236242
3.3,Control,Male,TrainingTask_LL - Copy,4,46,1.40763961689861,0.00776947022749281,-11.08477,1.82926445435025,0.229185899286484,0.0339850676685177,770.644363143326,0.000639416776747586,22.0970852335681,1.40734298805348,0.00776896695264575,-11.09105,0.229183838832182,0.0339817615206841,894.532514281801,0.000640245320479278,25.8319188897932,5.94941275830702,0.00191886427456237
4.2,Control,Female,TestTaskA,2,7,3.29207935020257,0.0120122736743204,-8.843351,1.55737412459638,0.245436902265116,0.0490475445903066,280.526532653752,-0.000766478071315712,0.840791333385346,3.28602487737352,0.0120145752804935,-8.8557,0.245428680599663,0.0490565527540955,367.031818149602,-0.000768532751664621,1.22874957180717,4.15544522012611,0.00997632740598866
5.1,Control,Female,TestTaskA,1,85,1.27070577634302,0.0131551503707362,-8.574872,1.79561380492416,0.245136574115489,0.0537469115981843,284.662409440207,-0.000927714698682896,0.766703371007762,1.26680216015635,0.0131919563220163,-8.572506,0.2451216222807,0.0538985185476279,319.673935625711,-0.000933783704170628,0.89815868979158,1.43739871007173,0.0122547210551
5.2,Control,Female,TestTaskA,1,72,0.193968860055043,0.116177239185342,-3.576372,2.25994750983513,0.202369671990134,0.559828030355341,49.7395109245915,-0.00452005172625415,0.969767642792589,0.381283747119545,0.0228816275285739,-7.190474,0.241119690755739,0.0948838931692863,166.755601784506,-0.00202087406043838,0.191994652677964,0.160517425651706,0.152807202511223
5.3,Control,Female,TestTaskA,1,82,0.39607488637865,0.0520076131386022,-5.478023,1.50645357310912,0.226706898522546,0.229293309314668,58.3408526552328,-0.00378202968672242,0.299202505214978,0.38864423746219,0.0529427688797104,-5.51822,0.225978098966925,0.233928063345481,75.2330159715555,-0.00391285930262635,0.569956449571354,0.287216112313986,0.0925938788520042
5.4,Control,Female,TestTaskA,2,12,0.375623174289567,0.156434421424335,-2.332902,1.77984838821005,0.192030029985738,0.793751154200952,30.6960394688374,-0.00430718796586797,0.628653457146939,0.756506655457837,0.0254470879500859,-6.95546,0.239823181622222,0.106088247252709,149.471445591705,-0.00226373529377676,0.211381613755945,0.300104677289626,0.194116047532075
5.5,Control,Female,TrainingTask_LL - Copy,4,31,0.541583435184715,0.00881868313575761,-10.01691,1.8529250234737,0.228876701452475,0.0385391600023518,565.112711349933,0.00133788005113163,11.8582628402906,0.543533722620401,0.008797718324974,-10.03914,0.22888515241152,0.0384420897245039,628.841258367222,0.0013296048562999,13.6001153676398,0.127926913485359,0.174829350575102
1.1,Control,Male,TrainingTask_RL,6,35,1.29141274732417,0.00777893396913384,-10.98593,1.7379186701004,0.225734238828004,0.0346884035744063,699.098168489652,-0.000603984876730603,22.910014569164,1.29015224625132,0.00777287671636814,-11.00688,0.225729906515566,0.0346593783714743,877.901662379667,-0.000601243571969426,29.1964700210265,4.17721109909907,0.00233061663190899
1.2,Control,Male,TrainingTask_RL,6,43,0.638633468983546,0.0172921881796438,-0.3706807,5.50145147243808,0.191176818588219,0.107989974960851,19379.3820262265,-0.00104203494327725,1171.28326273659,0.905316521596148,0.0105481499070113,-9.184102,0.223336971831608,0.0471309592760223,420.225574293783,-0.00206345267599402,6.6988171267058,0.342289958582636,0.148668145722407
2.1,Control,Male,TrainingTask_RL,6,8,0.419787995265166,0.0843257844543117,-1.846794,1.67462172701493,0.16203688362608,0.530791860008781,47.6102483458044,-0.00391847546435355,0.87645825568973,0.420931120196359,0.0746846525656935,-1.860145,0.162457542720685,0.467789479900122,63.8115958633227,-0.00392246495438678,1.28684377137367,0.340817105577773,0.219695262105053
3.1,Control,Male,TrainingTask_RL,5,31,2.03473887232742,0.00744115469697853,-11.73816,1.84714229193353,0.225624098346783,0.0332267972254382,846.983497941406,-0.000364160300129985,30.9398885149841,2.03386567431191,0.00744133379696027,-11.74121,0.225623526468303,0.0332271454735782,978.560545397489,-0.000364531990316208,35.773868858513,11.9818999953711,0.00129559144912943
3.2,Control,Male,TrainingTask_RL,7,22,0.322850560233399,0.060960315766062,-3.059299,2.24078842488084,0.166406409814744,0.365506064104189,82.687480382957,-0.00393397668293446,1.6446984665372,0.32410401393655,0.0657612262585968,-3.028547,0.166158323369382,0.395844751673393,67.0453320863061,-0.00392258796868876,1.2485532099191,0.26694795958952,0.20370697158653
3.3,Control,Male,TestTaskA,2,43,0.192890358655448,0.141743047625276,-2.836543,1.43520237006286,0.195783578915083,0.711203395674292,26.00460821788,-0.00419007996670561,0.460697957739242,0.191027946219002,0.124938287823006,-3.287578,0.199939549633039,0.610243075068373,40.1302621576832,-0.00442710223876805,0.773119942949374,0.152928281296644,0.274720396109314
4.2,Control,Female,TrainingTask_RL,7,21,2.04853167799727,0.0115188482055013,-8.94472,3.06627930622644,0.221639999774226,0.0515960154801723,690.935176452737,-0.00246246812138555,9.40118480247412,2.06123892959192,0.0113094179969796,-8.91875,0.22205001966468,0.0507610152668698,373.397885287171,-0.00233825273824559,4.63389809260166,3.02077236373782,0.00804983497781251
5.1,Control,Female,TrainingTask_RL,5,65,0.344370135338809,0.0760596224708248,-2.635206,1.70498758426206,0.164421741434566,0.465459868252647,50.7193442534881,-0.00391660058672528,0.897499471454474,0.347412865032688,0.0685291218887289,-2.727555,0.164995857222349,0.416583479454917,65.735297241171,-0.00392244875649886,1.26255612259838,0.291837588264119,0.166234891552058
5.2,Control,Female,TrainingTask_RL,5,95,0.23750998099403,0.0768785824359838,-3.04053,1.44487526841796,0.165752118908877,0.465702053825729,42.2349444163558,-0.00391427845528974,0.650812819622919,0.236379171849951,0.0642226518516568,-3.18064,0.166811021016884,0.384673741905393,67.8920305778124,-0.00392275213281532,1.24126627946497,0.214425400420662,0.221790996644551
5.3,Control,Female,TrainingTask_RL,5,70,0.305366813081466,0.0502970547705845,-4.548515,1.67036905029431,0.174840442652537,0.287946661282063,65.1545706440621,-0.00391779549288533,0.788394628253098,0.303619019942919,0.0473122182856243,-4.566273,0.175055930523473,0.269892135824432,83.2888610689684,-0.00393474385810087,1.15856052904866,0.252369250591689,0.103510659206818
5.4,Control,Female,TrainingTask_RL,7,28,0.25833770733654,0.0499918184806518,-4.370019,1.99006759236389,0.173605508785708,0.287424674252098,79.4756891820529,-0.00393041323800013,1.16182963307102,0.254828633457915,0.0529075148779667,-4.139698,0.172029516655593,0.306797714130731,76.7870991694187,-0.00392767832689034,1.19201116125045,0.204248184026936,0.14718716074724
5.5,Control,Female,TestTaskA,2,64,0.523984214975175,0.0455045166866898,-5.736532,1.43792159175645,0.229788735406849,0.19801851515238,63.3759584747835,-0.00352761794955453,0.228324225547354,0.51196681325001,0.0466407476154903,-5.753245,0.228934445556326,0.203567538759059,83.924392280058,-0.00368151484710904,0.514880181151896,0.289334861334249,0.163342637484298
1.1,Control,Male,TrainingTask_LL - Copy,6,20,0.307318935972836,0.0397274297043816,-5.354119,2.64357123228557,0.185976617910697,0.211873851917408,144.238459497029,0.00535034985841227,1.86928806834851,0.304024037510972,0.0413376786961281,-5.370362,0.185925966291596,0.22189053211374,92.8767593720802,0.00538414064765795,0.8905855285619,0.237188636407028,0.0826993945332347
1.2,Control,Male,TrainingTask_LL - Copy,6,20,0.503393688522363,0.0123261828212542,-8.630836,1.96733427190398,0.224117720866401,0.0547244574980635,324.412596125398,0.00289789812194583,1.7789562688082,0.503920877403239,0.0122529098367686,-8.651906,0.224246967561563,0.0543659277095065,333.607265786941,0.00287642911238013,1.92600235904636,1.05185237991608,0.00613995834937383
2.1,Control,Male,TrainingTask_LL - Copy,6,7,1.12330949167763,0.0123680982693651,-8.608238,1.61725336131785,0.224053643794964,0.0549652902545206,262.673001898678,0.00289011612972167,1.11848258903383,1.11911903289448,0.0124124205281495,-8.609325,0.223962544705772,0.0551386369797626,327.314968002371,0.00292778005409771,1.76030776641954,1.18585268886931,0.0124561628038426
3.1,Control,Male,TrainingTask_LL - Copy,4,20,0.213251959197518,0.0383490839549892,-5.445134,2.73619652892546,0.186937717828327,0.203382907885678,157.857303957861,0.00531838792442236,2.03195342725395,0.208545328697748,0.0412781891923462,-5.374585,0.185970756467616,0.221521224672448,92.9892956104404,0.00538284893289434,0.889766557767556,0.148937682558674,0.122569797362806
3.2,Control,Male,TrainingTask_LL - Copy,5,23,1.28847515790265,0.00884722846825985,-9.985335,1.5812201903525,0.228866349571714,0.0386728395203242,462.728324517208,0.00134790274834101,9.20390812574166,1.28755899947209,0.00883530845126924,-10.01416,0.228860298793665,0.0386070318448871,621.991677720269,0.00135235079677556,13.3025259450731,2.12827476144474,0.00535484886123929
3.3,Control,Male,TrainingTask_RL,6,37,0.200061130016243,0.0574706722532504,-3.977217,1.79824717885349,0.170921380368074,0.335903411041959,63.8352088809664,-0.00391714780169691,0.950287500044005,0.199364167272978,0.0522983963816491,-4.186358,0.172340367458741,0.302744109000753,77.4199060837325,-0.00392825775384416,1.18891119166076,0.163278076524588,0.220377809649048
4.2,Control,Female,TrainingTask_LL - Copy,5,24,1.66958999349123,0.00853841260029097,-10.22063,1.88656302278978,0.229036286738764,0.0373116141749046,628.196301541551,0.00116534381628358,14.4017985898011,1.66993767992242,0.00854240059385329,-10.22366,0.229030699337641,0.0373259112681365,680.271192431045,0.00117069067039791,15.8355416593336,4.58396651714846,0.00340709836618201
5.1,Control,Female,TrainingTask_LL - Copy,4,60,0.266674052319064,0.0581392112727221,-3.383349,2.79071821353224,0.171703247742173,0.331599665337383,120.833592918409,0.00560424590614531,2.62857288321507,0.261786100628072,0.0679757589597398,-3.527702,0.17068188759309,0.394075524911376,63.4099959505248,0.00575507301457784,1.12898713293777,0.219116965421329,0.138495664632341
5.2,Control,Female,TrainingTask_LL - Copy,5,75,0.708507615187533,0.0082181544558868,-10.49854,1.76779626819392,0.229157523484986,0.0359219710013546,634.893765249577,0.000953576629532852,15.7434741001342,0.163383804960856,0.0678952848909815,-3.533193,0.17071642964737,0.393539596565893,63.4620458100939,0.00575427171429627,1.12887618508072,0.133223661314235,0.215677539197952
5.3,Control,Female,TrainingTask_LL - Copy,5,52,1.65322705223332,0.00771081766310039,-11.19294,1.86340392277196,0.229176282865512,0.0337328021833155,808.885556719321,0.000596517622590347,23.7014688493283,1.65327707068909,0.0077072035052735,-11.20393,0.229174240531685,0.0337165200630883,914.137282114857,0.000594648801945183,26.9344408409157,6.80842863818304,0.0018856340821938
5.4,Control,Female,TrainingTask_LL - Copy,5,20,0.230763056562044,0.047949919223347,-4.962792,1.72477423147352,0.181759254496328,0.263475732392476,69.5853000356076,0.0055018330259254,0.669034392737191,0.217966123211896,0.0558527520793559,-4.368639,0.176559238097776,0.314280348363979,72.886139374024,0.00562153668224491,1.04208730139962,0.178488209274286,0.173584684617637
5.5,Control,Female,TrainingTask_RL,6,120,0.370650421307645,0.0253601074870787,-6.318333,2.57443055933791,0.193621657061923,0.130721127257693,198.10921537042,-0.00395694618965111,1.61587519495973,0.370965024622415,0.0259816174303297,-6.369519,0.194132170925818,0.133897476893185,138.612412447088,-0.00393598640598206,0.764930754838194,0.223732706827745,0.184846896004709
1.1,Control,Male,TrainingTask_RL,7,28,1.05460806444169,0.00932897197939241,-9.690317,1.64702157217159,0.224955992336964,0.0415386011154173,426.479016934372,-0.0015145579657446,9.28365228584662,1.0557683711715,0.00936212634773225,-9.698825,0.224912407258283,0.0416652104511521,532.621454615778,-0.00153985840082824,12.1813659943904,1.33037197847369,0.00749244801089737
1.2,Control,Male,TrainingTask_RL,7,26,0.998195459569179,0.00986932829228429,-9.446919,1.83750752703022,0.224318966466461,0.0439886622659549,430.594228561283,-0.0017747302582085,8.26468776282195,0.998974919725957,0.00988170727996954,-9.453402,0.224299163245794,0.0440315718911356,475.303853434931,-0.00178517807905063,9.34032961805386,1.23164317089805,0.00805586584111493
2.1,Control,Male,TrainingTask_RL,7,16,0.444759996467712,0.0600704777308933,-1.7345,2.62159152748825,0.16245800612753,0.374392329136644,112.97104742838,-0.0039603776529887,2.66658106040646,0.440875337884501,0.0736146891844957,-1.967031,0.16277710064952,0.459255732881183,64.2427838192656,-0.00392244167014854,1.29450533467788,0.347897178940563,0.219119864450043
3.1,Control,Male,TrainingTask_RL,6,31,1.3172465444097,0.00757436230891913,-11.37257,1.76139823960204,0.225682827053829,0.0338025551595886,756.178712220322,-0.000460624664777138,26.364506973201,1.31820404515917,0.00757266464842585,-11.38405,0.225680400380741,0.0337939502509692,940.945928871405,-0.000460097487018339,32.9793612002896,8.04183694620994,0.00139617988748632
3.2,Control,Male,TrainingTask_RL,8,15,1.2903223662938,0.00808705701148013,-10.58507,1.68404129746291,0.225732633045965,0.0360289955450073,608.804914487824,-0.000808736605979811,18.3508196491699,1.28743102058668,0.0080913334946837,-10.59846,0.225725426487792,0.0360410908183042,780.395159512444,-0.000814618693270219,24.2226335529362,3.38193571060996,0.00313072605518037
3.3,Control,Male,TrainingTask_LL - Copy,5,26,1.95505023116116,0.00761631304556874,-11.39373,1.88348621216518,0.229154232451118,0.0333269705733076,847.352865989894,0.000526190949012646,25.7211040075304,1.95082151526746,0.00761789932177599,-11.39295,0.229153801695747,0.0333333178935004,941.811603362419,0.000527879361188096,28.6316316136153,8.93127112350774,0.00168184601893291
4.2,Control,Female,TrainingTask_RL,8,60,1.02138534810248,0.0144608333124999,-8.088334,1.69010356887158,0.215663679407317,0.0667782628939195,220.477549285758,-0.00311198348056144,0.820583639912624,1.02100209802528,0.0144807698945237,-8.082177,0.215564925751323,0.0668548761114109,263.090505265253,-0.00312692086041902,1.18097529724635,0.685781231558481,0.0353634553087308
5.1,Control,Female,TrainingTask_RL,6,50,0.809975548724667,0.00937828616430818,-9.676025,1.81144897491527,0.224900452094248,0.0417514395156656,470.051691703447,-0.00154291272693695,10.374327720113,0.807807981600074,0.00940751113250063,-9.675755,0.224864329197,0.0418702176208431,526.94020596592,-0.00156236446756634,11.8985526879799,1.64435649040593,0.00473031703559475
5.2,Control,Female,TrainingTask_RL,6,83,0.390517721837037,0.072739174851829,-3.713199,0.999188881689346,0.168829158257475,0.432846530652716,33.1980711542897,-0.0039067295119689,0.370516072463357,0.384098557600409,0.0584908585214073,-3.691039,0.169338991327625,0.344499296785264,71.7782051147784,-0.00392420927494355,1.2158668761965,0.339164226473506,0.141775907629239
5.3,Control,Female,TrainingTask_RL,6,83,0.335625566032297,0.0594861496701254,-3.815406,1.81545338309648,0.169958767247655,0.349589907448134,63.0259493960678,-0.00391717579439065,0.9762698566618,0.335649053312704,0.0579504937046918,-3.73612,0.169588308086062,0.340799939049886,72.2056888716628,-0.00392443202579561,1.21359034890716,0.285463642432304,0.124390873006961
5.4,Control,Female,TrainingTask_RL,8,32,0.224272244507698,0.0573904849420015,-2.3196,2.66618390442672,0.163895194717919,0.350525511395109,117.755497571805,-0.00396496872240719,2.74082517990967,0.220652064587854,0.0706995969248736,-2.452651,0.164078603173073,0.433718387753891,64.9190599949951,-0.00392242433166217,1.27468376288785,0.167532364463084,0.22505204342368
5.5,Control,Female,TrainingTask_LL - Copy,5,55,2.33157470641731,0.0074870186324904,-11.75347,1.90485244097513,0.229109558443607,0.0327724514318338,894.955493227795,0.000428028668970328,28.6374910994037,2.32793309864361,0.0074878613310345,-11.75241,0.229109514702157,0.0327758717260206,978.86085582074,0.000428888663243152,31.3223044094715,14.0550911827417,0.00128104120771639
1.1,Control,Male,TestTaskA,2,24,2.682875367073,0.00941627317017797,-9.799252,1.77803465452461,0.24588528294464,0.038457010248389,497.475978579301,-0.000343673528350339,2.00247158547755,2.68491108380256,0.00941700406156767,-9.804584,0.245883341429596,0.0384598823416413,579.777373509701,-0.000343999137194537,2.44595710471738,2.60972337123732,0.00988802803417546
1.2,Control,Male,TestTaskA,2,28,2.29341773377337,0.0177209754273222,-0.4975358,5.63338638008994,0.236278689894172,0.08193934458546,28819.7786107108,-4.21408952668538e-05,254.14688976706,3.52360524686611,0.00937063056750842,-9.829963,0.245888269056307,0.0382716281955689,586.487293116391,-0.00033540034362859,2.47692037991441,4.6303725159406,0.00723395368483982
2.1,Control,Male,TestTaskA,2,10,0.483574654984016,0.231670909286638,-1.031045,0.916520106402677,0.178987589878839,1.27777750923784,14.5444537331232,-0.00368220720145378,0.284973245983445,0.503409982758458,0.173701241857723,-1.296976,0.187894181208845,0.906718827150824,34.5594202073086,-0.00440451822707654,0.725632687529736,0.366100044027499,0.238756396345073
3.1,Control,Male,TestTaskA,2,21,4.14671579139064,0.00817260762066868,-10.82654,2.02635350042666,0.245969700798415,0.0334171001175306,865.878843716428,-9.60529094450615e-05,3.86777136100406,4.14663956321843,0.008171538301108,-10.82765,0.245969786823827,0.0334127759776155,847.312822010513,-9.58252549498002e-05,3.7819328513044,21.2216407988442,0.00194637668603527
3.2,Control,Male,TestTaskB,2,14,0.683995967716686,0.0498556911885557,-5.556068,1.21209317973714,0.227731102735159,0.218551540622238,52.4452147588269,-0.0020763217339291,0.321695871612068,0.710516578795823,0.0466543324382593,-5.748009,0.229130677141962,0.202964677676073,85.0622372931298,-0.00208070757610245,0.706654531534859,0.458268067123782,0.106787830841167
3.3,Control,Male,TestTaskB,2,59,0.597321582475597,0.0606618789531412,-5.176222,1.63250272544601,0.222880058555727,0.271061915091746,55.4402531649336,-0.00245048781157643,0.511512865163632,0.591535861151126,0.0622192299330722,-5.166357,0.222161556757809,0.278395534371644,66.595644495396,-0.00255619700867899,0.74148340477701,0.432379908847704,0.100199956110828
4.2,Control,Female,TestTaskB,2,38,1.64734527700225,0.01831782274027,-7.761821,1.64352306048243,0.242592266321886,0.0755771728952693,174.205097804981,-0.00106334244940944,0.754572391740566,1.63764159384456,0.0184638039419784,-7.767849,0.242523206885487,0.0761863091507138,210.371293834,-0.00107487135121754,1.00771676299851,1.70012935164142,0.0183998151745705
5.1,Control,Female,TestTaskB,2,77,0.546980965302259,0.0191005520066293,-7.675426,1.82869740218577,0.242286880178884,0.0788797017334446,184.399611494771,-0.00110654239321317,0.82649518992304,0.54181021370194,0.0192060425042592,-7.674369,0.242238493822211,0.0793226919235138,201.397472104497,-0.00111404354503975,0.944409294752513,0.191843744370607,0.205310096294274
5.2,Control,Female,TestTaskB,2,82,0.535348060389197,0.0409524649262372,-5.979303,1.5006827576773,0.231906311449788,0.176305692087216,73.1429967503895,-0.00184547659780413,0.419740959840022,0.530892181148798,0.0408510205686675,-6.01462,0.231908440348979,0.175729315753545,95.7807278971806,-0.00189461032781891,0.684077152634338,0.263773301868428,0.176765809211187
5.3,Control,Female,TestTaskB,2,84,0.490983245441676,0.033885928723225,-6.3871,1.72522694662434,0.235374756409851,0.143769844067595,98.3324600746436,-0.00165098303928966,0.505566935290427,0.483794050364914,0.0341141070448263,-6.386291,0.235239632836559,0.144777307056184,113.167211854424,-0.00167795148305817,0.655867128269212,0.33000610591146,0.0612319279611946
5.4,Control,Female,TestTaskB,2,38,1.14945336541081,0.0322655533633549,-6.491333,1.71915463109975,0.236183280195229,0.136443827824557,102.647478824711,-0.00160035911338668,0.49968579364043,1.14566304617663,0.0325430922623324,-6.485888,0.23602452645553,0.13767151547886,118.306137541714,-0.00162681272489552,0.649750089062633,0.880456382591403,0.0457373467227997
5.5,Control,Female,TestTaskB,2,75,0.431900522976749,0.0434481675780919,-5.878764,1.85163384230178,0.230667271399837,0.187898942058834,83.6442537024704,-0.00195864587986529,0.602160206518617,0.428139274588351,0.0434698616203217,-5.88932,0.230642255990455,0.187957508114013,90.570137318245,-0.00197864903749963,0.694945230517463,0.333813665379209,0.0567579391132206
1.1,Control,Male,TrainingTask_RL,8,43,1.3823144241843,0.00958020023674893,-9.566735,1.65828110781342,0.22467973364624,0.0426781434348392,407.137808721993,-0.00163692543768892,8.25852214696779,1.38068822413678,0.00960403108260039,-9.579741,0.224643616738091,0.0427616126252068,503.94576585971,-0.00165738818533618,10.7551166603863,1.88178391527353,0.00729594063628459
1.2,Control,Male,TrainingTask_RL,8,36,0.744478971061945,0.010455122701743,-9.208242,1.82738960005423,0.223484899862927,0.0467111337626699,384.326730713128,-0.00202119352397022,6.12552653601901,0.744596803390412,0.0104968403524515,-9.203427,0.223417105522433,0.046889734834746,423.913722218352,-0.00204335745366008,6.87013444931351,0.273375123739954,0.109358866477829
2.1,Control,Male,TrainingTask_RL,8,12,0.472270326890082,0.0557316360334657,-1.215162,2.88850427956319,0.16141110208183,0.351624964247404,145.988651550416,-0.00398967281942467,3.67817693054928,0.459801773696452,0.0799832910038078,-1.424726,0.161140897754453,0.509236675340515,61.7941654092291,-0.00392270088151193,1.25039612601354,0.400617663335194,0.130700971131286
3.1,Control,Male,TrainingTask_RL,7,71,1.33143360566042,0.00773365424108496,-11.06982,1.98516581248944,0.225723775004487,0.0344898328281895,879.159418962958,-0.00057394127200707,29.4935837534929,1.33128433494851,0.00773285026704201,-11.07186,0.225723428196929,0.034486199544207,890.692116573462,-0.000573461737212999,29.9082993166239,4.43815874476341,0.00220016555651904
3.2,Control,Male,TrainingTask_RL,9,16,0.804552273326014,0.0083699040595756,-10.31162,1.61351934591331,0.225656838346022,0.0372686768837119,530.270026214896,-0.000985098487997184,14.7925248793199,0.804270421114715,0.0083639957208346,-10.34119,0.225649609258084,0.0372311111628274,708.540042230697,-0.000986728595069114,20.7685973758431,0.209339385195554,0.129149766945161
3.3,Control,Male,TrainingTask_RL,7,48,0.29005059426887,0.118389553603423,-2.254758,0.520950568860996,0.161391248274635,0.745100819104127,18.0130500857474,-0.00398233313400372,0.225229383752955,0.282461814630028,0.071182698367488,-2.384182,0.16387088743221,0.437691065603967,64.7676411656588,-0.00392242506036713,1.27764674008434,0.225305448670364,0.259185883824795
4.2,Control,Female,TrainingTask_RL,9,38,0.883126166326026,0.0156280291283386,-7.81982,2.95169773678463,0.212608009663593,0.0729675962944692,417.472856394511,-0.00336630375234696,2.44480520651316,0.890314718485392,0.0154279047215727,-7.884078,0.213505885320345,0.0719330889710436,242.937423664866,-0.00328306727666939,0.863480288748977,0.61745861954911,0.035773517980834
5.1,Control,Female,TrainingTask_RL,7,147,0.282247073960128,0.0396771794186271,-5.05705,2.20187897629559,0.179213450499549,0.221108036142999,107.952080549669,-0.00396112854110826,1.39493828754466,0.279647657312824,0.0408968749627869,-5.054873,0.1791613851168,0.228292749876446,93.2759118721312,-0.00394861577579301,1.10638372751848,0.199016399683304,0.19258211665611
5.2,Control,Female,TrainingTask_RL,7,136,0.379707208144779,0.178903792090901,-1.929651,-0.544535760627747,0.159157352635068,1.1475335669454,7.12220708487876,-0.00421530767260373,0.066959330268676,0.335251184083397,0.0681079286901397,-2.776248,0.165172515867134,0.413361609330206,65.9160530198694,-0.00392246061339906,1.2603195365162,0.311544756181671,0.243966161920931
5.3,Control,Female,TrainingTask_RL,7,142,0.297586385697338,0.0521001427740155,-4.363143,1.77967888109323,0.173499410504527,0.300212698631024,67.7504583685842,-0.00391979808908384,0.909819299339142,0.298042706548564,0.0501860242970992,-4.34786,0.173451150724649,0.288758575569298,79.7441557442856,-0.00393059840162913,1.17700205057628,0.240202186931103,0.150579494726231
5.4,Control,Female,TrainingTask_RL,9,72,0.483795417592184,0.0204103151226019,-6.85592,3.19276146570313,0.201087104401164,0.10087184412191,357.878507416688,-0.00384097954209018,2.70997858293774,0.487608020677634,0.0202516593830414,-7.074956,0.203585025683664,0.0992783615396675,178.184640525851,-0.00375282258340899,0.540057964232617,0.472860183344198,0.023156488835229
5.5,Control,Female,TrainingTask_RL,7,55,0.24484266231492,0.0911673834422845,-3.022445,0.817472152070607,0.164970359741165,0.55692631773961,25.461287178387,-0.00393232608047384,0.308765557204224,0.240097318960371,0.0635006260576029,-3.24925,0.167120212355108,0.379499046962462,68.3171206470924,-0.00392285994251344,1.23789387262258,0.202562368167579,0.240836596843059
1.1,Control,Male,TrainingTask_LL - Copy,7,30,0.182821950637458,0.0434117206193378,-5.148608,2.33002898679671,0.183771728256306,0.234804196087519,109.506489874412,0.00542787188375558,1.37129099581546,0.179803176143865,0.0454128404433793,-5.08193,0.182988810556032,0.247388789502247,85.8852721454026,0.00546400151581634,0.939167808438055,0.129195518724602,0.178454066704522
1.2,Control,Male,TrainingTask_LL - Copy,7,38,0.327543490992148,0.016977823489632,-7.686235,1.98982993591817,0.21527425680483,0.0784682275657875,217.851703382791,0.00397651927879947,0.192939359615948,0.326941564576305,0.0169870781514579,-7.685221,0.215255262269169,0.0785155348797403,218.988189432932,0.00397897915922343,0.203908714442081,0.163743697206612,0.0893666010320074
2.1,Control,Male,TrainingTask_LL - Copy,7,6,1.68815328154744,0.00881973284652049,-10.01566,1.84232184659227,0.228876373251119,0.0385441174465392,560.807784702834,0.00133821103071766,11.7437863323119,1.68424607631278,0.00882921095437248,-10.01818,0.228864387751529,0.0385802652355014,623.093942084672,0.00134867270143206,13.3504489093764,3.11278777356334,0.00478610140612457
3.1,Control,Male,TrainingTask_LL - Copy,5,18,0.194259598698898,0.0514441813439231,-4.52815,2.31456863074252,0.178204095480691,0.286023799291556,94.7085027005971,0.00555604316074104,1.45696773566139,0.189451139319974,0.0544723609547937,-4.460434,0.177323561585858,0.305329050585815,74.2954210384415,0.00560291205744673,1.02953668330798,0.155384761768411,0.133295028108972
3.2,Control,Male,TrainingTask_LL - Copy,6,12,0.95093694841422,0.0112346295442589,-8.95634,2.09511544354618,0.22596463402992,0.0494999301106881,404.226176687766,0.00252090589889989,3.71916730002928,0.94794542188582,0.0112474364769129,-8.947425,0.225947288280399,0.0495697029087347,381.261101872626,0.00251973303117035,3.38299738724283,1.17625904114497,0.00912014043266794
3.3,Control,Male,TrainingTask_LL - Copy,6,30,1.39095166691661,0.0076810946753148,-11.25242,1.88572094891851,0.229170143242228,0.0336050333388545,832.814030891073,0.000574610232772672,24.6788654907453,1.39186248343397,0.00768115597153246,-11.25554,0.229169091753608,0.0336047146272944,922.331101117072,0.000575276564357073,27.4168667567325,6.28898380721832,0.00170808495307312
4.2,Control,Female,TrainingTask_LL - Copy,6,11,1.69914536608482,0.00927714714937253,-9.747922,1.93746495765784,0.228510856143443,0.0405613903691628,530.651447470792,0.00160522318576501,9.76799508411101,1.69687097269897,0.00928946886278368,-9.744958,0.228497038733101,0.0406131285237817,550.929661645034,0.00161449408892427,10.2162473121625,3.63010318595345,0.00469001239697437
5.1,Control,Female,TrainingTask_LL - Copy,5,94,0.806599389023431,0.0124627971098265,-8.595514,1.98642911461963,0.223872467804792,0.0553850333906245,322.815309921588,0.00294275804000147,1.68319648018814,0.804254674388537,0.0124824674576576,-8.590951,0.223836629222895,0.0554789581886095,324.642368095914,0.00294991938445422,1.69211135117035,0.283722818921664,0.154616169938562
5.2,Control,Female,TrainingTask_LL - Copy,6,137,1.211313189962,0.0081284089349017,-10.5922,1.75285019222506,0.229177049211039,0.0355336030634162,645.211750405263,0.000892508791530008,16.4147791948053,1.2108298875945,0.0081253852249301,-10.60613,0.229172274604137,0.0355168740814956,785.255400386887,0.000894003972638094,20.4740663063129,0.22250712212405,0.108998650650926
5.3,Control,Female,TrainingTask_LL - Copy,6,162,1.28467000632596,0.00818896345571526,-10.52902,1.78515016483201,0.229164099573853,0.0357952470785974,649.592164149793,0.000934140059336407,16.2772508122839,1.28434819600603,0.00819047835977763,-10.53718,0.229158714594525,0.0357982277680908,767.024803039928,0.000938620289603113,19.6513790368503,0.250910226482664,0.200784712368011
5.4,Control,Female,TrainingTask_LL - Copy,6,75,0.21714520290147,0.0480095523035292,-4.919616,1.92093852950001,0.181397584615434,0.263832018410192,78.2039408405365,0.005507079839373,0.872941715314899,0.222538108309857,0.0459703688793614,-5.042629,0.182605766266947,0.250907859969127,85.0273536456332,0.00547374804512077,0.944914734789925,0.161278194588988,0.160637387178761
5.5,Control,Female,TrainingTask_LL - Copy,6,45,1.75602674488422,0.00765102146785494,-11.31474,1.85053222639268,0.229163545709994,0.0334760709554263,814.021855853904,0.000552043770964237,24.3710594661536,1.75877207279465,0.00765042299406787,-11.31999,0.229162160718742,0.0334728366069321,931.879034181241,0.000552310944248238,27.9993408848827,8.66515083346203,0.00165629033224476
1.1,Control,Male,TestTaskB,3,18,3.38981412143918,0.00887828745499753,-10.12376,1.74923171507637,0.244793232618907,0.0366267044296114,555.815925415572,-0.000175711718990901,2.74376325901056,3.38420867031386,0.00888689944425671,-10.12402,0.244791405112174,0.0366615074568604,667.320053490328,-0.000177082643621632,3.39396205217695,9.41421072119525,0.00390040966367951
1.2,Control,Male,TestTaskB,3,34,2.5579869163677,0.0107695044460893,-9.226663,1.72136548673291,0.244636176779002,0.0443118170436757,368.830892767002,-0.000450521970140818,1.81560862566949,0.710183939593185,0.0958754423517104,-4.129194,0.208635931049381,0.453591236201314,47.7593908981095,-0.00325710889697785,0.777468978835535,0.731684147273589,0.0861618556805782
2.1,Control,Male,TestTaskB,3,3,1.68414940476926,0.0384196936454083,-6.191738,2.6259134432598,0.233036450508138,0.164352497357846,142.27923167093,-0.00189645597079341,1.19752192277899,1.74522974471182,0.0360506943997113,-6.271086,0.23427435030857,0.153596569365016,107.46332328467,-0.0017405228986139,0.664071112390609,1.54788423919837,0.0416551638677914
3.1,Control,Male,TestTaskB,2,14,2.63917860125567,0.00819969341501393,-10.76551,1.88695902276245,0.244792543988855,0.033879333183998,761.580210403891,-5.32923304823937e-05,4.00843384663442,2.62921406580316,0.00820470078268775,-10.76083,0.244792404565277,0.0338995762475334,835.639219933076,-5.4234998017162e-05,4.41652971017801,13.8183865467687,0.00204842013032652
3.2,Control,Male,TestTaskA,3,8,1.07930720279408,0.0267583670133273,-2.266404,5.27397484225797,0.239106764956626,0.116048654064667,5766.47641390097,-0.000564365108602296,21.9962539233769,1.08518354818237,0.0254483928244,-6.955348,0.239822510892076,0.10609398294391,149.463662102781,-0.00226385513546885,0.211397842043093,0.831738289191585,0.0379239669372258
3.3,Control,Male,TestTaskA,3,14,0.315397825657017,0.154035313725364,-2.550631,1.13671635446643,0.193033467073321,0.786368779843823,20.6088187062915,-0.00403919439203417,0.345820717731118,0.31600134551294,0.159914365310018,-1.937,0.190952258308938,0.815929946077605,35.4288453510565,-0.00440878502331721,0.734343127453537,0.265100818107152,0.196236681340686
4.2,Control,Female,TestTaskA,3,4,2.89943333556961,0.0282562474223241,-2.564283,5.22799401837115,0.238697787560735,0.122155783065952,2671.70761006767,-0.000886076132159586,13.5622292506913,2.36918633894785,0.0236715716974214,-7.114498,0.240725813307473,0.0983183668512739,160.975894090774,-0.00209724183360357,0.195046143619312,1.8546588982441,0.0348971818005878
5.1,Control,Female,TestTaskA,2,172,2.01819779995387,0.0113464879525036,-9.036838,1.77938988845121,0.245580389283624,0.0463207306194809,351.470150739407,-0.000667659551056511,1.21595430006104,2.01435254375387,0.011362705153369,-9.038981,0.24557339163365,0.0463868372976536,401.615973755,-0.000670919372230078,1.46381682970936,0.399819446208876,0.147107858714357
5.2,Control,Female,TestTaskA,2,113,0.596346337873604,0.0333662261510133,-6.369394,1.52597571158166,0.235817486834177,0.141492169782827,88.8164775332388,-0.00286269014901356,0.146558321612986,0.597595669281533,0.0322869804829069,-6.458266,0.236236832566499,0.136645235975591,118.020150651657,-0.00283869243466221,0.320735288324621,0.371580441497364,0.0765655279761632
5.3,Control,Female,TestTaskA,2,137,0.514736953972926,0.0655137862307393,-5.238031,2.48319463139909,0.220227079045623,0.295760228685306,84.2226536065716,-0.00432506725317074,1.04458803627933,0.508702141365987,0.0646812132284997,-5.140606,0.22087000890269,0.29178937567779,63.8220752938675,-0.00419069944436605,0.642628178572071,0.358714961187759,0.11064527606958
5.4,Control,Female,TestTaskA,3,74,1.05538851982986,0.0206802856183572,-7.417482,1.58974964138835,0.242213670576931,0.0853811036687726,148.311726995327,-0.00179076763435777,0.10562963922559,1.04402831336263,0.0207471960149829,-7.41458,0.242151978815213,0.0856739968751356,185.003423752315,-0.00180737509516481,0.204681209244726,0.594044060488738,0.0523317683340233
5.5,Control,Female,TestTaskA,3,17,0.428563392587884,0.120966795834852,-3.391808,0.81052055565656,0.201750458099002,0.596605656306933,20.0645989080029,-0.0040900059203214,0.22210191762279,0.39780365942687,0.134705006776871,-2.93404,0.197250290433528,0.66511784014572,38.4598278829039,-0.00442175791536632,0.769904648425234,0.36288092699687,0.143950163613087
1.1,Control,Male,TrainingTask_RL,9,35,1.98631331765392,0.00751197006986955,-11.52823,1.81735285439554,0.225657742021307,0.0335326817500547,809.39415988555,-0.000415813219151305,28.8337506054693,1.98568612213278,0.00751209474732944,-11.5331,0.225656680272361,0.0335324723460912,958.90165420559,-0.000416317364763553,34.2371346088171,8.77320819847707,0.00164647738967565
1.2,Control,Male,TrainingTask_RL,9,30,1.33100827864406,0.00839240289940943,-10.28581,1.47694511416515,0.225650616588944,0.0373709713156436,473.893575700992,-0.000997188743168489,12.9449719681239,1.33017550021295,0.00836763359792849,-10.33813,0.225648185678008,0.0372470402070282,707.664775482661,-0.000988960555694445,20.7266946542811,2.43258446252412,0.00455843269249186
2.1,Control,Male,TrainingTask_RL,9,8,0.754630853346331,0.053283546074103,-0.839674,3.05605221177738,0.160692400243342,0.338820627862593,171.845127205832,-0.00401211635589846,4.48929504528703,0.730228268911157,0.0872331671672751,-0.8173933,0.159595220545683,0.568025981626444,59.7649551507462,-0.00392316131657647,1.22352560610142,0.690777332554001,0.11199802935743
3.1,Control,Male,TrainingTask_RL,8,45,1.05014180961756,0.00900297619185192,-9.882395,1.83046061813694,0.225256616389217,0.040063627426922,521.349621667975,-0.00135010736688131,12.7859312675665,1.04471389835798,0.00902569938782548,-9.88239,0.225232481341892,0.040155238097246,579.846681503469,-0.00136617598648164,14.5253937433946,1.96098371452239,0.0048903981513945
3.2,Control,Male,TrainingTask_RL,10,6,0.53295189103193,0.0522410687270383,-0.8937417,3.11486583951522,0.160688605732402,0.331112218790504,181.388404463371,-0.00402049601672613,4.79559796307027,0.506303834734575,0.0853545084238192,-0.9982411,0.159989756568538,0.552095352093633,60.1646447462431,-0.00392305251506346,1.22705345716452,0.46991109267267,0.0966907071991488
3.3,Control,Male,TrainingTask_RL,8,17,0.377071070007731,0.0310147283290533,-5.807921,2.23982351302699,0.187119128984268,0.165756439046898,135.417969990148,-0.00397827567169939,1.27156767532149,0.380177487073009,0.0312698902568745,-5.850026,0.187570858286723,0.166919935767181,116.89425647965,-0.00396781170599291,0.940468740505795,0.334244737854156,0.0456697639099683
4.2,Control,Female,TrainingTask_RL,10,5,0.928384924906071,0.0206014174147702,0.5113509,4.729511627459,0.188360095747858,0.144116650137827,15697.1946512664,-0.00105653361628893,632.478460805715,0.578642874072616,0.0837855087430596,-1.133211,0.160320151733567,0.539257362963074,60.5680313429045,-0.00392295197346491,1.23189108163428,0.51250087239244,0.147601689471807
5.1,Control,Female,TrainingTask_RL,8,139,0.329572750485219,0.079382466383086,-2.819922,1.47203269169879,0.164860887417773,0.484229291617857,42.2476921549135,-0.00391592012464893,0.677636646980253,0.323524518002594,0.0674681243604989,-2.847996,0.165440765501545,0.408517644542526,66.2037165565664,-0.00392248431381563,1.25700218939923,0.2734733320513,0.204387615835034
5.2,Control,Female,TrainingTask_RL,8,112,0.326601503796807,0.0539882615291599,-4.143142,1.89923110822558,0.17202005232557,0.313344250134235,71.0537122047698,-0.0039227081915041,1.06055645837025,0.3254767409527,0.0531282562753565,-4.122737,0.171917842156462,0.308269185001939,76.5622069092238,-0.00392747876566566,1.19312897519511,0.246238779116441,0.210928870837559
5.3,Control,Female,TrainingTask_RL,8,116,0.338330640467495,0.030825871726349,-5.863736,2.10512769009874,0.187756205092078,0.164303936336773,125.813870976692,-0.00397179065226212,1.06601552600967,0.335771525677023,0.0311235588290827,-5.863326,0.187729611757662,0.165997625989374,117.380991505651,-0.00396769769520169,0.936661273368032,0.221160320567996,0.125688766476581
5.4,Control,Female,TrainingTask_RL,10,73,0.374705782446026,0.0960481510454792,-1.835394,1.33030609243871,0.161435707073464,0.607690156920991,35.0010524997519,-0.00392607544183714,0.584070383425295,0.374483153613916,0.075684239512006,-1.76265,0.162173059920136,0.475781086358841,63.4262473462606,-0.00392249383238491,1.27971391550702,0.328374777658516,0.170021069862674
5.5,Control,Female,TrainingTask_RL,8,39,0.32604713032866,0.0497747836315382,-4.323008,2.07354104800522,0.173295651824469,0.286455725200059,84.0029526558692,-0.00393439863667888,1.28294244578198,0.327879147163167,0.050428291807495,-4.329335,0.173321019127703,0.290357170102531,79.4671869766594,-0.00393030270536384,1.17848402957567,0.25818995286542,0.151981741940689
1.1,Control,Male,TrainingTask_LL - Copy,8,24,0.317384144775052,0.0506929160951948,-4.770107,1.80863104965198,0.17994797167948,0.280932096097739,69.9299327677929,0.00554823948957648,0.775519554195265,0.314696628009805,0.0502041812467674,-4.748363,0.179843956528545,0.277845688133804,79.2025221557177,0.00554136225099509,0.988965199021068,0.246327948182798,0.125806659289444
1.2,Control,Male,TrainingTask_LL - Copy,8,28,0.414407152625956,0.0240578897602707,-6.7496,3.37294482725404,0.201777339937013,0.118264784210013,360.306918668884,0.00480979422220262,2.78447889437122,0.397936894870808,0.0252311923058768,-6.6781,0.201839426496404,0.124799337901919,144.612252824538,0.00481792203974625,0.531012734851575,0.32383025966593,0.0395170918927834
2.1,Control,Male,TrainingTask_LL - Copy,8,5,1.72883940228126,0.00969990780492272,-9.517668,1.53675244824391,0.228097058274629,0.0424723913040977,371.793677694741,0.00181415600159463,5.43203386819955,1.72404134945046,0.00971572022446281,-9.532613,0.228062084695431,0.042519558291432,499.472329874306,0.00184051669683247,8.00635312924668,2.26359651711584,0.0074627172888099
3.1,Control,Male,TrainingTask_LL - Copy,6,57,0.260571908059182,0.0490304395758529,-4.6447,2.45171492081791,0.179353687102222,0.270590829114363,107.411282335483,0.00551687692763943,1.66449783045265,0.261266256304685,0.0502215335985415,-4.747178,0.179833207408546,0.277956782497736,79.1806803274435,0.00554162712845961,0.989133747462928,0.206641809246694,0.109848635735236
3.2,Control,Male,TrainingTask_LL - Copy,7,8,1.01649538223698,0.0106114915277749,-9.146639,1.56238734531258,0.226927617032617,0.0466356574877003,321.861825530433,0.00223913248245735,3.26403735172544,1.00984920993196,0.0106187532228011,-9.162471,0.226901943057779,0.0466380192615367,420.760684076573,0.00226347124611155,4.80935472499234,0.392025672419381,0.0928168874627076
3.3,Control,Male,TrainingTask_LL - Copy,7,40,1.57401460907715,0.00776188188781978,-11.09829,1.83810195926868,0.229184785764762,0.0339523887696424,778.504352166855,0.000633923365822794,22.3882758885895,1.57084828787026,0.00776071604247542,-11.10543,0.229182766418612,0.0339463171004517,897.158103076237,0.000634181737468447,25.9758668625129,0.202373252168204,0.118712260651292
4.2,Control,Female,TrainingTask_LL - Copy,7,9,1.70531028530768,0.0158300420770619,-7.863132,1.00577887612812,0.217543954677687,0.0725446272965169,134.355895828815,0.00371316691869988,-0.374006721454396,1.69075760279238,0.0158312199970632,-7.878548,0.217463645908963,0.0724063301183029,237.909115492547,0.00377461143697575,0.279391938664668,1.39112112121903,0.0241126902370133
5.1,Control,Female,TrainingTask_LL - Copy,6,111,0.332370239384367,0.0405484949667093,-5.404946,2.17627196578247,0.186282607598167,0.216953499640565,105.197998832591,0.00537183455848434,1.10349485563686,0.332016758043459,0.0405045677853007,-5.429775,0.186559481513106,0.216725596895464,94.4856250279451,0.00536576220080849,0.879079766127639,0.232019077157987,0.148216587746091
5.2,Control,Female,TrainingTask_LL - Copy,7,129,1.28862354165245,0.00859844706386836,-10.16963,1.78989346070185,0.229009110163725,0.037576180578395,575.36216668492,0.0012009808585149,12.7795466182348,1.28698205088922,0.00860283766632043,-10.17739,0.229000025451294,0.0375894918033028,667.28029250157,0.0012090127878652,15.2705075830342,2.447587671132,0.00422050579665896
5.3,Control,Female,TrainingTask_LL - Copy,7,102,2.19667688279643,0.00768349718411433,-11.24772,1.89261625077432,0.229170592435476,0.0336153160116467,837.365919749992,0.00057643123570725,24.7967205153902,2.19655207861016,0.00768409642659586,-11.24958,0.229169706139741,0.0336173345709914,921.410389843404,0.000577467694047353,27.3618921406754,8.74833366112051,0.00188943595270062
5.4,Control,Female,TrainingTask_LL - Copy,7,88,0.982740804491078,0.0107648077682989,-9.098369,1.7403842102449,0.226698376332624,0.0473348666831295,350.785443769852,0.00231185295274512,3.51362571416004,0.980271170143694,0.0108002087355205,-9.097472,0.226636962082143,0.0474787802569096,408.360792386363,0.00234037183375599,4.34434971280092,1.58847375127129,0.00688238160776981
5.5,Control,Female,TrainingTask_LL - Copy,7,51,1.84156742949322,0.00757043336735507,-11.50712,1.87876890412697,0.229140423183848,0.0331301571689072,854.624072987032,0.0004915698647895,26.4106628595869,1.84181974394338,0.00756965622442251,-11.51189,0.229139427011699,0.0331264423648916,956.136401141553,0.000491398034363422,29.5998501664674,0.194785240391235,0.0958053964648358
1.1,Control,Male,TestTaskA,3,19,1.51964762406215,0.0236038761030245,-7.117185,1.73948395837458,0.240790807481828,0.0980155166503726,140.272771233456,-0.00207939535459011,0.117867364742684,1.5200038867289,0.0234118631138477,-7.139096,0.240855903417406,0.0971876874753919,162.82589669097,-0.00207228327369361,0.193653592548588,1.14994578289534,0.0350347318529536
1.2,Control,Male,TestTaskA,3,21,1.23056529072987,0.014153258901945,-8.363811,1.58754052986015,0.244841293421907,0.0578723710064334,228.635754416667,-0.00105772450802773,0.493618213437017,1.22246973100069,0.0141554538679,-8.373423,0.244830603637166,0.0578813264118754,290.406299068693,-0.00106050926842977,0.699405292324468,0.561665986750111,0.0469578247818666
2.1,Control,Male,TestTaskA,3,3,0.445312138785688,0.128122428443579,-1.337541,3.14018646134152,0.19721305600349,0.630977648734893,94.306273442187,-0.00474537180366946,2.15810035346612,0.392254651420059,0.195939935640279,-0.2275123,0.183819296851285,1.05811647049498,33.7405454485112,-0.00439830691212939,0.73479593268793,0.307762226816297,0.186144452306769
3.1,Control,Male,TestTaskA,3,46,1.4632722126159,0.0166481807886,-0.7744154,6.04361641883389,0.236896475875462,0.0757800657594254,45734.4325709299,-2.23458131467303e-05,393.74371233607,2.52186278624735,0.00866961035611969,-10.30248,0.24594707915932,0.0354290673403385,715.050926018575,-0.000199673199592564,3.06459737104779,5.63244357185795,0.00396840833687449
3.2,Control,Male,TestTaskB,3,5,1.94729296960616,0.0107443912620268,-9.232689,1.66851041009718,0.24464052924511,0.044209548182451,357.967436038539,-0.000447360317811679,1.73350591682476,1.94908984542998,0.0107162662111462,-9.259275,0.244637498220819,0.0440942456297898,443.622151610901,-0.000444040568360426,2.3795274052743,2.01835799203463,0.0120549738824236
3.3,Control,Male,TestTaskB,3,19,0.39297437391482,0.08186272699123,-4.465369,1.27937212660917,0.214343748023057,0.380231887912026,35.5646469516925,-0.00295464086556449,0.363472941817379,0.374624930668222,0.0890308453317832,-4.334475,0.211267157692476,0.41653099525631,50.4199123082084,-0.00315562775597578,0.774360300203544,0.291864237820893,0.130515501794099
4.2,Control,Female,TestTaskB,3,7,2.8264972465485,0.0638855495728365,4.394679,2.8921456631613,0.216892672137128,2.10190413688088,2051.32601854593,-0.000536953673660174,11.1710419023475,0.629980081053825,0.187269337951826,0.08094204,0.181375865927163,1.07190603918626,34.9226470659125,-0.0036634495108971,0.836503977642414,0.865857366342072,0.082666059516067
5.1,Control,Female,TestTaskB,3,152,1.10231183623667,0.0144056248841852,-8.351073,1.61378080159942,0.243873931533577,0.0592411697882704,226.763900182649,-0.000808972716282085,1.07554838452421,1.10107844369362,0.0144243478532666,-8.376694,0.243853724069869,0.0593153615316025,282.735978664412,-0.000812284924812986,1.53250718983632,0.332540647419947,0.153090950772887
5.2,Control,Female,TestTaskB,3,127,0.370286846299156,0.0528815807965961,-5.447052,1.44457957832451,0.226326634642417,0.233063398407978,56.3777074483287,-0.00219302590358128,0.413953270551569,0.367988587610093,0.052185173523005,-5.524923,0.226581458451431,0.229374347852225,77.1561879443467,-0.00225625917191125,0.72205245243104,0.276002303799108,0.0981655711143827
5.3,Control,Female,TestTaskB,3,115,0.469181859629837,0.0371670770052359,-6.182956,1.51667152525972,0.233761189896725,0.158777057648333,80.686822589391,-0.00173555022458792,0.419303945001599,0.461741285422598,0.0376627098585587,-6.180594,0.233474505348991,0.160986913625866,103.182935724644,-0.00179235364667197,0.670691346038943,0.296427858244137,0.0795653811151181
5.4,Control,Female,TestTaskB,3,61,1.26569875352609,0.0305733248340327,-6.590034,1.21913880721504,0.237054426707925,0.128871839673172,82.587045057766,-0.00152713788815835,0.312461297566975,1.25159982787986,0.0306616660274037,-6.61324,0.236962646428256,0.129221769641993,125.192647421501,-0.00156468039922516,0.644446353620696,0.962011249989536,0.0451440556248443
5.5,Control,Female,TestTaskB,3,27,0.905571458887092,0.0302490718013283,-2.992034,5.00348037691164,0.226932632184259,0.141559027808528,4412.03242786901,-0.00058534412478515,64.5870028152486,0.798105152810779,0.0273974045739413,-6.859611,0.238571208525592,0.114723501321447,139.620848740183,-0.00145329154083324,0.653692687438321,0.687506602189138,0.0343316710331897
